-- phpMyAdmin SQL Dump
-- version 5.2.0
-- https://www.phpmyadmin.net/
--
-- Hôte : 127.0.0.1:3306
-- Généré le : ven. 17 mars 2023 à 22:02
-- Version du serveur : 8.0.31
-- Version de PHP : 8.0.26

SET SQL_MODE = "NO_AUTO_VALUE_ON_ZERO";
START TRANSACTION;
SET time_zone = "+00:00";


/*!40101 SET @OLD_CHARACTER_SET_CLIENT=@@CHARACTER_SET_CLIENT */;
/*!40101 SET @OLD_CHARACTER_SET_RESULTS=@@CHARACTER_SET_RESULTS */;
/*!40101 SET @OLD_COLLATION_CONNECTION=@@COLLATION_CONNECTION */;
/*!40101 SET NAMES utf8mb4 */;

--
-- Base de données : `rentschool2022`
--

-- --------------------------------------------------------

--
-- Structure de la table `accounts`
--

DROP TABLE IF EXISTS `accounts`;
CREATE TABLE IF NOT EXISTS `accounts` (
  `id_account` int NOT NULL AUTO_INCREMENT,
  `login` varchar(100) CHARACTER SET utf8mb4 COLLATE utf8mb4_0900_ai_ci NOT NULL,
  `password` varchar(100) CHARACTER SET utf8mb4 COLLATE utf8mb4_0900_ai_ci NOT NULL,
  PRIMARY KEY (`id_account`),
  UNIQUE KEY `id_account` (`id_account`)
) ENGINE=InnoDB AUTO_INCREMENT=12 DEFAULT CHARSET=utf8mb4 COLLATE=utf8mb4_0900_ai_ci;

--
-- Déchargement des données de la table `accounts`
--

INSERT INTO `accounts` (`id_account`, `login`, `password`) VALUES
(1, 'jiwaii', '576000F6C5019C254E269A3401D18F4F74E1391F66503DC47A6C55DA3BC55D83'),
(2, 'admin', '8C6976E5B5410415BDE908BD4DEE15DFB167A9C873FC4BB8A81F6F2AB448A918'),
(3, 'secretariat01', 'D06C9F4E882B5525D3AE14ABE87C60ADE605C9F8FFBDF34A1EFB54D01F6BAEC7'),
(9, 'gimli', '54AF2A2960E582263C45971CDD40DA4AE31EDE1DB5395629D910F056479DE12D'),
(10, 'dorju', 'test123');

-- --------------------------------------------------------

--
-- Structure de la table `articles`
--

DROP TABLE IF EXISTS `articles`;
CREATE TABLE IF NOT EXISTS `articles` (
  `id_article` int NOT NULL AUTO_INCREMENT,
  `id_category` int NOT NULL,
  `articleName` varchar(100) NOT NULL,
  `ref_sn` varchar(100) DEFAULT NULL,
  `barcode` varchar(100) DEFAULT NULL,
  `state` enum('available','disabled','lost') CHARACTER SET utf8mb4 COLLATE utf8mb4_0900_ai_ci NOT NULL,
  PRIMARY KEY (`id_article`),
  UNIQUE KEY `id_article` (`id_article`),
  UNIQUE KEY `ref_sn` (`ref_sn`),
  UNIQUE KEY `barcode` (`barcode`),
  KEY `Articles_FK` (`id_category`)
) ENGINE=InnoDB AUTO_INCREMENT=6 DEFAULT CHARSET=utf8mb4 COLLATE=utf8mb4_0900_ai_ci;

--
-- Déchargement des données de la table `articles`
--

INSERT INTO `articles` (`id_article`, `id_category`, `articleName`, `ref_sn`, `barcode`, `state`) VALUES
(1, 1, 'hp probook 445 G7', 'C7RJ', NULL, 'available'),
(2, 1, 'HP Probook G7', '4DE7', NULL, 'available'),
(3, 1, 'Projecteur Epson', 'PE12-02', NULL, 'available'),
(4, 4, 'Tp-Link Borne Wifi', 'WF0909123123', NULL, 'available'),
(5, 4, 'TP-Link 423', '586HH', '000220202', 'available');

-- --------------------------------------------------------

--
-- Structure de la table `articles_rentals`
--

DROP TABLE IF EXISTS `articles_rentals`;
CREATE TABLE IF NOT EXISTS `articles_rentals` (
  `id_article` int NOT NULL,
  `id_rental` int NOT NULL,
  `qty` int NOT NULL,
  `id_Articles_Rentals` int NOT NULL AUTO_INCREMENT,
  `dateReturned` date DEFAULT NULL,
  PRIMARY KEY (`id_Articles_Rentals`),
  UNIQUE KEY `id_Articles_Rentals` (`id_Articles_Rentals`),
  KEY `Articles_Rentals_FKRental` (`id_rental`),
  KEY `Articles_Rentals_FK` (`id_article`)
) ENGINE=InnoDB AUTO_INCREMENT=44 DEFAULT CHARSET=utf8mb4 COLLATE=utf8mb4_0900_ai_ci;

--
-- Déchargement des données de la table `articles_rentals`
--

INSERT INTO `articles_rentals` (`id_article`, `id_rental`, `qty`, `id_Articles_Rentals`, `dateReturned`) VALUES
(3, 39, 1, 37, '2023-03-12'),
(1, 43, 1, 41, NULL),
(4, 44, 1, 42, NULL),
(5, 45, 1, 43, '2023-03-17');

-- --------------------------------------------------------

--
-- Structure de la table `categories`
--

DROP TABLE IF EXISTS `categories`;
CREATE TABLE IF NOT EXISTS `categories` (
  `id_category` int NOT NULL AUTO_INCREMENT,
  `categoryName` varchar(100) NOT NULL,
  PRIMARY KEY (`id_category`),
  UNIQUE KEY `id_category` (`id_category`)
) ENGINE=InnoDB AUTO_INCREMENT=6 DEFAULT CHARSET=utf8mb4 COLLATE=utf8mb4_0900_ai_ci;

--
-- Déchargement des données de la table `categories`
--

INSERT INTO `categories` (`id_category`, `categoryName`) VALUES
(1, 'ordinateur portable'),
(2, 'câble'),
(3, 'projecteur video'),
(4, 'Borne Wifi'),
(5, 'TROL');

-- --------------------------------------------------------

--
-- Structure de la table `cities`
--

DROP TABLE IF EXISTS `cities`;
CREATE TABLE IF NOT EXISTS `cities` (
  `id_city` int NOT NULL AUTO_INCREMENT,
  `cityName` varchar(100) NOT NULL,
  `postalCode` int NOT NULL,
  `id_country` int NOT NULL,
  PRIMARY KEY (`id_city`),
  UNIQUE KEY `id_city` (`id_city`),
  KEY `Cities_FK` (`id_country`)
) ENGINE=InnoDB AUTO_INCREMENT=2764 DEFAULT CHARSET=utf8mb4 COLLATE=utf8mb4_0900_ai_ci;

--
-- Déchargement des données de la table `cities`
--

INSERT INTO `cities` (`id_city`, `cityName`, `postalCode`, `id_country`) VALUES
(7, 'Laeken', 1020, 1),
(8, 'Molenbeek-Saint-Jean', 1080, 1),
(9, 'Berchem-Sainte-Agathe', 1082, 1),
(10, 'Ganshoren', 1083, 1),
(11, 'Neder-Over-Heembeek', 1120, 1),
(12, 'Beauvechain', 1320, 1),
(13, 'Hamme-Mille', 1320, 1),
(14, 'Longueville', 1325, 1),
(15, 'Ottignies', 1340, 1),
(16, 'Enines', 1350, 1),
(17, 'Jauche', 1350, 1),
(18, 'Orp-Le-Grand', 1350, 1),
(19, 'Malèves-Sainte-Marie-Wastines', 1360, 1),
(20, 'Ramillies', 1367, 1),
(21, 'Jodoigne-Souveraine', 1370, 1),
(22, 'Piétrain', 1370, 1),
(23, 'Lasne-Chapelle-Saint-Lambert', 1380, 1),
(24, 'Maransart', 1380, 1),
(25, 'Ohain', 1380, 1),
(26, 'Bossut-Gottechain', 1390, 1),
(27, 'Waterloo', 1410, 1),
(28, 'Braine-L\'alleud', 1420, 1),
(29, 'Rebecq', 1430, 1),
(30, 'Braine-Le-Château', 1440, 1),
(31, 'Cortil-Noirmont', 1450, 1),
(32, 'Gentinnes', 1450, 1),
(33, 'Walhain', 1457, 1),
(34, 'Saintes', 1480, 1),
(35, 'Sart-Dames-Avelines', 1495, 1),
(36, 'Tollembeek', 1570, 1),
(37, 'Dworp', 1653, 1),
(38, 'Huizingen', 1654, 1),
(39, 'Elingen', 1671, 1),
(40, 'Schepdaal', 1703, 1),
(41, 'Sint-Martens-Lennik', 1750, 1),
(42, 'Oetingen', 1755, 1),
(43, 'Merchtem', 1785, 1),
(44, 'Diegem', 1831, 1),
(45, 'Londerzeel', 1840, 1),
(46, 'Humbeek', 1851, 1),
(47, 'Beigem', 1852, 1),
(48, 'Ramsdonk', 1880, 1),
(49, 'Zemst', 1980, 1),
(50, 'Weerde', 1982, 1),
(51, 'Antwerpen', 2040, 1),
(52, 'Antwerpen', 2050, 1),
(53, 'Antwerpen', 2060, 1),
(54, 'Burcht', 2070, 1),
(55, 'Zwijndrecht', 2070, 1),
(56, 'Wijnegem', 2110, 1),
(57, 'Wommelgem', 2160, 1),
(58, 'Pulle', 2243, 1),
(59, 'Olen', 2250, 1),
(60, 'Lille', 2275, 1),
(61, 'Bouwel', 2288, 1),
(62, 'Hoogstraten', 2320, 1),
(63, 'Arendonk', 2370, 1),
(64, 'Retie', 2470, 1),
(65, 'Dessel', 2480, 1),
(66, 'Olmen', 2491, 1),
(67, 'Hove', 2540, 1),
(68, 'Lint', 2547, 1),
(69, 'Waarloos', 2550, 1),
(70, 'Kessel', 2560, 1),
(71, 'Nijlen', 2560, 1),
(72, 'Aartselaar', 2630, 1),
(73, 'Mortsel', 2640, 1),
(74, 'Heindonk', 2830, 1),
(75, 'Boom', 2850, 1),
(76, 'Liezele', 2870, 1),
(77, 'Bornem', 2880, 1),
(78, 'Mariekerke', 2880, 1),
(79, 'Oppuurs', 2890, 1),
(80, 'Essen', 2910, 1),
(81, 'Zoersel', 2980, 1),
(82, 'Heverlee', 3001, 1),
(83, 'Sint-Agatha-Rode', 3040, 1),
(84, 'Kortenberg', 3070, 1),
(85, 'Duisburg', 3080, 1),
(86, 'Overijse', 3090, 1),
(87, 'Baal', 3128, 1),
(88, 'Betekom', 3130, 1),
(89, 'Wespelaar', 3150, 1),
(90, 'Holsbeek', 3220, 1),
(91, 'Nieuwrode', 3221, 1),
(92, 'Scherpenheuvel', 3270, 1),
(93, 'Deurne', 3290, 1),
(94, 'Kaggevinne', 3293, 1),
(95, 'Sint-Margriete-Houtem', 3300, 1),
(96, 'Neerhespen', 3350, 1),
(97, 'Neerlinter', 3350, 1),
(98, 'Orsmaal-Gussenhoven', 3350, 1),
(99, 'Wommersom', 3350, 1),
(100, 'Neervelp', 3370, 1),
(101, 'Willebringen', 3370, 1),
(102, 'Tielt', 3390, 1),
(103, 'Laar', 3400, 1),
(104, 'Landen', 3400, 1),
(105, 'Budingen', 3440, 1),
(106, 'Spalbeek', 3510, 1),
(107, 'Stevoort', 3512, 1),
(108, 'Zolder', 3550, 1),
(109, 'Gellik', 3620, 1),
(110, 'Vucht', 3630, 1),
(111, 'Boorsem', 3631, 1),
(112, 'Dilsen-Stokkem', 3650, 1),
(113, 'Elen', 3650, 1),
(114, 'Lanklaar', 3650, 1),
(115, 'Opglabbeek', 3660, 1),
(116, 'Niel-Bij-As', 3668, 1),
(117, 'Neeroeteren', 3680, 1),
(118, 'Kolmont', 3700, 1),
(119, 'Vliermaalroot', 3721, 1),
(120, 'Wintershoven', 3722, 1),
(121, 'Schalkhoven', 3732, 1),
(122, 'Genoelselderen', 3770, 1),
(123, 'Herderen', 3770, 1),
(124, 'Vlijtingen', 3770, 1),
(125, 'Vroenhoven', 3770, 1),
(126, 'Zichen-Zussen-Bolder', 3770, 1),
(127, 'Fouron-Saint-Pierre', 3792, 1),
(128, 'Aalst', 3800, 1),
(129, 'Ordingen', 3800, 1),
(130, 'Sint-Truiden', 3800, 1),
(131, 'Groot-Loon', 3840, 1),
(132, 'Hoepertingen', 3840, 1),
(133, 'Binderveld', 3850, 1),
(134, 'Bovelingen', 3870, 1),
(135, 'Heks', 3870, 1),
(136, 'Boekhout', 3890, 1),
(137, 'Gingelom', 3890, 1),
(138, 'Montenaken', 3890, 1),
(139, 'Niel-Bij-Sint-Truiden', 3890, 1),
(140, 'Muizen', 3891, 1),
(141, 'Lommel', 3920, 1),
(142, 'Hamont-Achel', 3930, 1),
(143, 'Reppel', 3950, 1),
(144, 'Gerdingen', 3960, 1),
(145, 'Opitter', 3960, 1),
(146, 'Tongerlo', 3960, 1),
(147, 'Heppen', 3971, 1),
(148, 'Kleine-Brogel', 3990, 1),
(149, 'Rocourt', 4000, 1),
(150, 'Liège', 4020, 1),
(151, 'Milmort', 4041, 1),
(152, 'Esneux', 4130, 1),
(153, 'Sprimont', 4140, 1),
(154, 'Anthisnes', 4160, 1),
(155, 'Tavier', 4163, 1),
(156, 'Comblain-La-Tour', 4180, 1),
(157, 'Hamoir', 4180, 1),
(158, 'Filot', 4181, 1),
(159, 'Ferrières', 4190, 1),
(160, 'Werbomont', 4190, 1),
(161, 'Burdinne', 4210, 1),
(162, 'Lamontzée', 4210, 1),
(163, 'Oteppe', 4210, 1),
(164, 'Tourinne', 4263, 1),
(165, 'Bertrée', 4280, 1),
(166, 'Grand-Hallet', 4280, 1),
(167, 'Hannut', 4280, 1),
(168, 'Bovenistier', 4300, 1),
(169, 'Grand-Axhe', 4300, 1),
(170, 'Oleye', 4300, 1),
(171, 'Donceel', 4357, 1),
(172, 'Bergilers', 4360, 1),
(173, 'Grandville', 4360, 1),
(174, 'Odeur', 4367, 1),
(175, 'Awirs', 4400, 1),
(176, 'Chokier', 4400, 1),
(177, 'Flémalle', 4400, 1),
(178, 'Ivoz-Ramet', 4400, 1),
(179, 'Tilleur', 4420, 1),
(180, 'Fexhe-Slins', 4458, 1),
(181, 'Huccorgne', 4520, 1),
(182, 'Fize-Fontaine', 4530, 1),
(183, 'Vieux-Waleffe', 4530, 1),
(184, 'Nandrin', 4550, 1),
(185, 'Fraiture', 4557, 1),
(186, 'Clavier', 4560, 1),
(187, 'Lanaye', 4600, 1),
(188, 'Argenteau', 4601, 1),
(189, 'Saint-André', 4606, 1),
(190, 'Neufchâteau', 4608, 1),
(191, 'Magnée', 4623, 1),
(192, 'Romsée', 4624, 1),
(193, 'Micheroux', 4630, 1),
(194, 'Chaineux', 4650, 1),
(195, 'Julémont', 4650, 1),
(196, 'Xhendelesse', 4652, 1),
(197, 'Bolland', 4653, 1),
(198, 'Barchon', 4671, 1),
(199, 'Hermalle-Sous-Argenteau', 4681, 1),
(200, 'Houtain-Saint-Siméon', 4682, 1),
(201, 'Vivegnis', 4683, 1),
(202, 'Bassenge', 4690, 1),
(203, 'Neu-Moresnet', 4721, 1),
(204, 'Bullange', 4760, 1),
(205, 'Amblève', 4770, 1),
(206, 'Saint-Vith', 4780, 1),
(207, 'Lommersweiler', 4783, 1),
(208, 'Ensival', 4800, 1),
(209, 'Polleur', 4800, 1),
(210, 'Verviers', 4800, 1),
(211, 'Pepinster', 4860, 1),
(212, 'Olne', 4877, 1),
(213, 'Clermont', 4890, 1),
(214, 'Harzé', 4920, 1),
(215, 'Louveigné', 4920, 1),
(216, 'Sourbrodt', 4950, 1),
(217, 'Francorchamps', 4970, 1),
(218, 'La Gleize', 4987, 1),
(219, 'Rahier', 4987, 1),
(220, 'Namur', 5000, 1),
(221, 'Bouge', 5004, 1),
(222, 'Gembloux', 5030, 1),
(223, 'Bothey', 5032, 1),
(224, 'Corroy-Le-Château', 5032, 1),
(225, 'Isnes', 5032, 1),
(226, 'Moignelée', 5060, 1),
(227, 'Vitrival', 5070, 1),
(228, 'La Bruyère', 5080, 1),
(229, 'Naninne', 5100, 1),
(230, 'Wierde', 5100, 1),
(231, 'Floreffe', 5150, 1),
(232, 'Franière', 5150, 1),
(233, 'Lesve', 5170, 1),
(234, 'Ham-Sur-Sambre', 5190, 1),
(235, 'Spy', 5190, 1),
(236, 'Thon', 5300, 1),
(237, 'Boneffe', 5310, 1),
(238, 'Saint-Germain', 5310, 1),
(239, 'Waret-La-Chaussée', 5310, 1),
(240, 'Goesnes', 5353, 1),
(241, 'Schaltin', 5364, 1),
(242, 'Verlée', 5370, 1),
(243, 'Hingeon', 5380, 1),
(244, 'Noville-Les-Bois', 5380, 1),
(245, 'Bouvignes-Sur-Meuse', 5500, 1),
(246, 'Dinant', 5500, 1),
(247, 'Falmignoul', 5500, 1),
(248, 'Furfooz', 5500, 1),
(249, 'Mont', 5530, 1),
(250, 'Hastière', 5540, 1),
(251, 'Blaimont', 5542, 1),
(252, 'Heer', 5543, 1),
(253, 'Agimont', 5544, 1),
(254, 'Nafraiture', 5550, 1),
(255, 'Bellefontaine', 5555, 1),
(256, 'Graide', 5555, 1),
(257, 'Houyet', 5560, 1),
(258, 'Custinne', 5562, 1),
(259, 'Hour', 5563, 1),
(260, 'Dion', 5570, 1),
(261, 'Wancennes', 5570, 1),
(262, 'Louette-Saint-Pierre', 5575, 1),
(263, 'Malvoisin', 5575, 1),
(264, 'Patignies', 5575, 1),
(265, 'Buissonville', 5580, 1),
(266, 'Haversin', 5590, 1),
(267, 'Serinchamps', 5590, 1),
(268, 'Sart-En-Fagne', 5600, 1),
(269, 'Villers-Le-Gambon', 5600, 1),
(270, 'Flavion', 5620, 1),
(271, 'Morville', 5620, 1),
(272, 'Hanzinne', 5621, 1),
(273, 'Morialmé', 5621, 1),
(274, 'Silenrieux', 5630, 1),
(275, 'Villers-Deux-Eglises', 5630, 1),
(276, 'Furnaux', 5641, 1),
(277, 'Castillon', 5650, 1),
(278, 'Fraire', 5650, 1),
(279, 'Walcourt', 5650, 1),
(280, 'Berzée', 5651, 1),
(281, 'Rognée', 5651, 1),
(282, 'Somzée', 5651, 1),
(283, 'Thy-Le-Château', 5651, 1),
(284, 'Brûly', 5660, 1),
(285, 'Couvin', 5660, 1),
(286, 'Cul-Des-Sarts', 5660, 1),
(287, 'Frasnes', 5660, 1),
(288, 'Gonrieux', 5660, 1),
(289, 'Petigny', 5660, 1),
(290, 'Nismes', 5670, 1),
(291, 'Gimnée', 5680, 1),
(292, 'Niverlée', 5680, 1),
(293, 'Charleroi', 6000, 1),
(294, 'Mont-Sur-Marchienne', 6032, 1),
(295, 'Ransart', 6043, 1),
(296, 'Cour-Sur-Heure', 6120, 1),
(297, 'Fontaine-L\'evêque', 6140, 1),
(298, 'Gouy-Lez-Piéton', 6181, 1),
(299, 'Souvret', 6182, 1),
(300, 'Rèves', 6210, 1),
(301, 'Fleurus', 6220, 1),
(302, 'Brye', 6222, 1),
(303, 'Obaix', 6230, 1),
(304, 'Acoz', 6280, 1),
(305, 'Loverval', 6280, 1),
(306, 'Robechies', 6460, 1),
(307, 'Virelles', 6461, 1),
(308, 'Grandrieu', 6470, 1),
(309, 'Sivry', 6470, 1),
(310, 'Barbençon', 6500, 1),
(311, 'Thirimont', 6500, 1),
(312, 'Lobbes', 6540, 1),
(313, 'Merbes-Sainte-Marie', 6567, 1),
(314, 'Momignies', 6590, 1),
(315, 'Wardin', 6600, 1),
(316, 'Hompré', 6640, 1),
(317, 'Houffalize', 6660, 1),
(318, 'Beho', 6672, 1),
(319, 'Cherain', 6673, 1),
(320, 'Montleban', 6674, 1),
(321, 'Anlier', 6721, 1),
(322, 'Signeulx', 6750, 1),
(323, 'Bleid', 6760, 1),
(324, 'Ethe', 6760, 1),
(325, 'Harnoncourt', 6767, 1),
(326, 'Lamorteau', 6767, 1),
(327, 'Robelmont', 6769, 1),
(328, 'Halanzy', 6792, 1),
(329, 'Remagne', 6800, 1),
(330, 'Florenville', 6820, 1),
(331, 'Fontenoille', 6820, 1),
(332, 'Muno', 6820, 1),
(333, 'Bouillon', 6830, 1),
(334, 'Rochehaut', 6830, 1),
(335, 'Vivy', 6833, 1),
(336, 'Paliseul', 6850, 1),
(337, 'Assenois', 6860, 1),
(338, 'Ebly', 6860, 1),
(339, 'Mirwart', 6870, 1),
(340, 'Vesqueville', 6870, 1),
(341, 'Anloy', 6890, 1),
(342, 'Transinne', 6890, 1),
(343, 'Durbuy', 6940, 1),
(344, 'Wéris', 6940, 1),
(345, 'Bomal-Sur-Ourthe', 6941, 1),
(346, 'Izier', 6941, 1),
(347, 'Ambly', 6953, 1),
(348, 'Ortho', 6983, 1),
(349, 'Hampteau', 6990, 1),
(350, 'Hotton', 6990, 1),
(351, 'Erezée', 6997, 1),
(352, 'Havre', 7021, 1),
(353, 'Nouvelles', 7022, 1),
(354, 'Ciply', 7024, 1),
(355, 'Obourg', 7034, 1),
(356, 'Blaregnies', 7040, 1),
(357, 'Bougnies', 7040, 1),
(358, 'Genly', 7040, 1),
(359, 'Quévy', 7040, 1),
(360, 'Masnuy-Saint-Jean', 7050, 1),
(361, 'Casteau', 7061, 1),
(362, 'Neufvilles', 7063, 1),
(363, 'Gottignies', 7070, 1),
(364, 'Ville-Sur-Haine', 7070, 1),
(365, 'Braine-Le-Comte', 7090, 1),
(366, 'Henripont', 7090, 1),
(367, 'Houdeng-Goegnies', 7110, 1),
(368, 'Estinnes-Au-Val', 7120, 1),
(369, 'Haulchin', 7120, 1),
(370, 'Seneffe', 7180, 1),
(371, 'Arquennes', 7181, 1),
(372, 'Familleureux', 7181, 1),
(373, 'Hornu', 7301, 1),
(374, 'Saint-Ghislain', 7330, 1),
(375, 'Warquignies', 7340, 1),
(376, 'Montroeul-Sur-Haine', 7350, 1),
(377, 'Thulin', 7350, 1),
(378, 'Wihéries', 7370, 1),
(379, 'Quiévrain', 7380, 1),
(380, 'Audregnies', 7382, 1),
(381, 'Erquennes', 7387, 1),
(382, 'Honnelles', 7387, 1),
(383, 'Orcq', 7501, 1),
(384, 'Marquain', 7522, 1),
(385, 'Gaurain-Ramecroix', 7530, 1),
(386, 'Vaulx', 7536, 1),
(387, 'Kain', 7540, 1),
(388, 'Péruwelz', 7600, 1),
(389, 'Roucourt', 7601, 1),
(390, 'Bury', 7602, 1),
(391, 'Brunehaut', 7620, 1),
(392, 'Maubray', 7640, 1),
(393, 'Dottignies', 7711, 1),
(394, 'Herseaux', 7712, 1),
(395, 'Néchin', 7730, 1),
(396, 'Pecq', 7740, 1),
(397, 'Mont-De-L\'enclus', 7750, 1),
(398, 'Orroir', 7750, 1),
(399, 'Velaines', 7760, 1),
(400, 'Comines-Warneton', 7780, 1),
(401, 'Bas-Warneton', 7784, 1),
(402, 'Ormeignies', 7802, 1),
(403, 'Ligne', 7812, 1),
(404, 'Isières', 7822, 1),
(405, 'Bassilly', 7830, 1),
(406, 'Silly', 7830, 1),
(407, 'Enghien', 7850, 1),
(408, 'Grandmetz', 7900, 1),
(409, 'Thieulain', 7901, 1),
(410, 'Anvaing', 7910, 1),
(411, 'Moustier', 7911, 1),
(412, 'Cambron-Casteau', 7940, 1),
(413, 'Attre', 7941, 1),
(414, 'Huissignies', 7950, 1),
(415, 'Stambruges', 7973, 1),
(416, 'Ruddervoorde', 8020, 1),
(417, 'Ramskapelle', 8301, 1),
(418, 'Lissewege', 8380, 1),
(419, 'Zeebrugge', 8380, 1),
(420, 'Vlissegem', 8421, 1),
(421, 'Mannekensvere', 8433, 1),
(422, 'Snaaskerke', 8470, 1),
(423, 'Zevekote', 8470, 1),
(424, 'Bekegem', 8480, 1),
(425, 'Eernegem', 8480, 1),
(426, 'Gullegem', 8560, 1),
(427, 'Gijzelbrechtegem', 8570, 1),
(428, 'Ingooigem', 8570, 1),
(429, 'Waarmaarde', 8581, 1),
(430, 'Beerst', 8600, 1),
(431, 'Diksmuide', 8600, 1),
(432, 'Driekapellen', 8600, 1),
(433, 'Esen', 8600, 1),
(434, 'Keiem', 8600, 1),
(435, 'Lampernisse', 8600, 1),
(436, 'Nieuwkapelle', 8600, 1),
(437, 'Kortemark', 8610, 1),
(438, 'Zarren', 8610, 1),
(439, 'Nieuwpoort', 8620, 1),
(440, 'Vinkem', 8630, 1),
(441, 'Oostvleteren', 8640, 1),
(442, 'Westvleteren', 8640, 1),
(443, 'Alveringem', 8690, 1),
(444, 'Leisele', 8691, 1),
(445, 'Beernem', 8730, 1),
(446, 'Oedelem', 8730, 1),
(447, 'Wingene', 8750, 1),
(448, 'Zwevezele', 8750, 1),
(449, 'Desselgem', 8792, 1),
(450, 'Rumbeke', 8800, 1),
(451, 'Gits', 8830, 1),
(452, 'Izegem', 8870, 1),
(453, 'Ieper', 8900, 1),
(454, 'Boezinge', 8904, 1),
(455, 'Zuidschote', 8904, 1),
(456, 'Langemark-Poelkapelle', 8920, 1),
(457, 'Lauwe', 8930, 1),
(458, 'Nieuwkerke', 8950, 1),
(459, 'Wijtschate', 8953, 1),
(460, 'Loker', 8958, 1),
(461, 'Geluveld', 8980, 1),
(462, 'Oostakker', 9041, 1),
(463, 'Mendonk', 9042, 1),
(464, 'Heusden', 9070, 1),
(465, 'Sint-Niklaas', 9100, 1),
(466, 'Vrasene', 9120, 1),
(467, 'Doel', 9130, 1),
(468, 'Elversele', 9140, 1),
(469, 'Meerdonk', 9170, 1),
(470, 'Sint-Pauwels', 9170, 1),
(471, 'Moerbeke-Waas', 9180, 1),
(472, 'Appels', 9200, 1),
(473, 'Oudegem', 9200, 1),
(474, 'Zele', 9240, 1),
(475, 'Waasmunster', 9250, 1),
(476, 'Buggenhout', 9255, 1),
(477, 'Schellebelle', 9260, 1),
(478, 'Lebbeke', 9280, 1),
(479, 'Uitbergen', 9290, 1),
(480, 'Impe', 9340, 1),
(481, 'Nederhasselt', 9400, 1),
(482, 'Erondegem', 9420, 1),
(483, 'Kerksken', 9451, 1),
(484, 'Denderleeuw', 9470, 1),
(485, 'Welle', 9473, 1),
(486, 'Goeferdinge', 9500, 1),
(487, 'Ophasselt', 9500, 1),
(488, 'Viane', 9500, 1),
(489, 'Smeerebbe-Vloerzegem', 9506, 1),
(490, 'Vlierzele', 9520, 1),
(491, 'Strijpen', 9620, 1),
(492, 'Velzeke-Ruddershove', 9620, 1),
(493, 'Roborst', 9630, 1),
(494, 'Sint-Blasius-Boekel', 9630, 1),
(495, 'Sint-Maria-Latem', 9630, 1),
(496, 'Everbeek', 9660, 1),
(497, 'Opbrakel', 9660, 1),
(498, 'Parike', 9661, 1),
(499, 'Kwaremont', 9690, 1),
(500, 'Zulzeke', 9690, 1),
(501, 'Ooike', 9700, 1),
(502, 'Volkegem', 9700, 1),
(503, 'Ouwegem', 9750, 1),
(504, 'Nokere', 9771, 1),
(505, 'Elsegem', 9790, 1),
(506, 'Astene', 9800, 1),
(507, 'Sint-Martens-Leerne', 9800, 1),
(508, 'Vinkt', 9800, 1),
(509, 'Nazareth', 9810, 1),
(510, 'Lemberge', 9820, 1),
(511, 'Merelbeke', 9820, 1),
(512, 'Schelderode', 9820, 1),
(513, 'Hansbeke', 9850, 1),
(514, 'Nevele', 9850, 1),
(515, 'Vosselare', 9850, 1),
(516, 'Baaigem', 9890, 1),
(517, 'Knesselare', 9910, 1),
(518, 'Kluizen', 9940, 1),
(519, 'Waarschoot', 9950, 1),
(520, 'Waterland-Oudeman', 9988, 1),
(521, 'Adegem', 9991, 1),
(522, 'Middelburg', 9992, 1),
(523, 'Jette', 1090, 1),
(524, 'Auderghem', 1160, 1),
(525, 'Wavre', 1300, 1),
(526, 'Glimes', 1315, 1),
(527, 'Opprebais', 1315, 1),
(528, 'Chaumont-Gistoux', 1325, 1),
(529, 'Rosières', 1331, 1),
(530, 'Noduwez', 1350, 1),
(531, 'Orp-Jauche', 1350, 1),
(532, 'Opheylissem', 1357, 1),
(533, 'Thorembais-Les-Béguines', 1360, 1),
(534, 'Thorembais-Saint-Trond', 1360, 1),
(535, 'Autre-Eglise', 1367, 1),
(536, 'Huppaye', 1367, 1),
(537, 'Dongelberg', 1370, 1),
(538, 'Jauchelette', 1370, 1),
(539, 'Saint-Jean-Geest', 1370, 1),
(540, 'Grez-Doiceau', 1390, 1),
(541, 'Nivelles', 1400, 1),
(542, 'Thines', 1402, 1),
(543, 'Rebecq-Rognon', 1430, 1),
(544, 'Wauthier-Braine', 1440, 1),
(545, 'Loupoigne', 1471, 1),
(546, 'Glabais', 1473, 1),
(547, 'Oisquercq', 1480, 1),
(548, 'Tubize', 1480, 1),
(549, 'Marbais', 1495, 1),
(550, 'Villers-La-Ville', 1495, 1),
(551, 'Lembeek', 1502, 1),
(552, 'Herne', 1540, 1),
(553, 'Hoeilaart', 1560, 1),
(554, 'Oudenaken', 1600, 1),
(555, 'Ruisbroek', 1601, 1),
(556, 'Drogenbos', 1620, 1),
(557, 'Alsemberg', 1652, 1),
(558, 'Bogaarden', 1670, 1),
(559, 'Pepingen', 1670, 1),
(560, 'Itterbeek', 1701, 1),
(561, 'Bekkerzeel', 1730, 1),
(562, 'Kobbegem', 1730, 1),
(563, 'Mollem', 1730, 1),
(564, 'Wambeek', 1741, 1),
(565, 'Gooik', 1755, 1),
(566, 'Pamel', 1760, 1),
(567, 'Liedekerke', 1770, 1),
(568, 'Peutie', 1800, 1),
(569, 'Malderen', 1840, 1),
(570, 'Kapelle-Op-Den-Bos', 1880, 1),
(571, 'Nieuwenrode', 1880, 1),
(572, 'Kraainem', 1950, 1),
(573, 'Wezembeek-Oppem', 1970, 1),
(574, 'Eppegem', 1980, 1),
(575, 'Hofstade', 1981, 1),
(576, 'Antwerpen', 2000, 1),
(577, 'Antwerpen', 2018, 1),
(578, 'Lillo', 2040, 1),
(579, 'Zandvliet', 2040, 1),
(580, 'Morkhoven', 2200, 1),
(581, 'Noorderwijk', 2200, 1),
(582, 'Zandhoven', 2240, 1),
(583, 'Westerlo', 2260, 1),
(584, 'Gierle', 2275, 1),
(585, 'Minderhout', 2322, 1),
(586, 'Wortel', 2323, 1),
(587, 'Merksplas', 2330, 1),
(588, 'Beerse', 2340, 1),
(589, 'Vosselaar', 2350, 1),
(590, 'Weelde', 2381, 1),
(591, 'Baarle-Hertog', 2387, 1),
(592, 'Mol', 2400, 1),
(593, 'Eindhout', 2430, 1),
(594, 'Geel', 2440, 1),
(595, 'Kasterlee', 2460, 1),
(596, 'Lichtaart', 2460, 1),
(597, 'Lier', 2500, 1),
(598, 'Kontich', 2550, 1),
(599, 'Wilrijk', 2610, 1),
(600, 'Edegem', 2650, 1),
(601, 'Hoboken', 2660, 1),
(602, 'Hombeek', 2811, 1),
(603, 'Muizen', 2812, 1),
(604, 'Puurs', 2870, 1),
(605, 'Weert', 2880, 1),
(606, 'Hoevenen', 2940, 1),
(607, 'Stabroek', 2940, 1),
(608, 'Kapellen', 2950, 1),
(609, 'Sint-Job-In-\'t-Goor', 2960, 1),
(610, '\'s Gravenwezel', 2970, 1),
(611, 'Schilde', 2970, 1),
(612, 'Halle', 2980, 1),
(613, 'Blanden', 3052, 1),
(614, 'Korbeek-Dijle', 3060, 1),
(615, 'Rotselaar', 3110, 1),
(616, 'Wezemaal', 3111, 1),
(617, 'Tremelo', 3120, 1),
(618, 'Tildonk', 3150, 1),
(619, 'Hever', 3191, 1),
(620, 'Pellenberg', 3212, 1),
(621, 'Scherpenheuvel-Zichem', 3270, 1),
(622, 'Messelbroek', 3272, 1),
(623, 'Diest', 3290, 1),
(624, 'Schaffen', 3290, 1),
(625, 'Webbekom', 3290, 1),
(626, 'Kumtich', 3300, 1),
(627, 'Oplinter', 3300, 1),
(628, 'Hoegaarden', 3320, 1),
(629, 'Lovenjoel', 3360, 1),
(630, 'Vertrijk', 3370, 1),
(631, 'Glabbeek', 3380, 1),
(632, 'Attenrode', 3384, 1),
(633, 'Houwaart', 3390, 1),
(634, 'Meensel-Kiezegem', 3391, 1),
(635, 'Walsbets', 3401, 1),
(636, 'Attenhoven', 3404, 1),
(637, 'Zoutleeuw', 3440, 1),
(638, 'Grazen', 3450, 1),
(639, 'Rummen', 3454, 1),
(640, 'Kortenaken', 3470, 1),
(641, 'Kuringen', 3511, 1),
(642, 'Helchteren', 3530, 1),
(643, 'Linkhout', 3560, 1),
(644, 'Alken', 3570, 1),
(645, 'Kinrooi', 3640, 1),
(646, 'Rotem', 3650, 1),
(647, 'Meeuwen', 3670, 1),
(648, 'Opoeteren', 3680, 1),
(649, '\'s Herenelderen', 3700, 1),
(650, 'Rutten', 3700, 1),
(651, 'Herstappe', 3717, 1),
(652, 'Grote-Spouwen', 3740, 1),
(653, 'Mopertingen', 3740, 1),
(654, 'Rosmeer', 3740, 1),
(655, 'Riemst', 3770, 1),
(656, 'Groot-Gelmen', 3800, 1),
(657, 'Kerkom-Bij-Sint-Truiden', 3800, 1),
(658, 'Duras', 3803, 1),
(659, 'Wilderen', 3803, 1),
(660, 'Herten', 3831, 1),
(661, 'Ulbeek', 3832, 1),
(662, 'Rijkel', 3840, 1),
(663, 'Voort', 3840, 1),
(664, 'Batsheers', 3870, 1),
(665, 'Horpmaal', 3870, 1),
(666, 'Mechelen-Bovelingen', 3870, 1),
(667, 'Kortijs', 3890, 1),
(668, 'Borlo', 3891, 1),
(669, 'Buvingen', 3891, 1),
(670, 'Mielen-Boven-Aalst', 3891, 1),
(671, 'Achel', 3930, 1),
(672, 'Hechtel-Eksel', 3940, 1),
(673, 'Eksel', 3941, 1),
(674, 'Kwaadmechelen', 3945, 1),
(675, 'Leopoldsburg', 3970, 1),
(676, 'Tessenderlo', 3980, 1),
(677, 'Peer', 3990, 1),
(678, 'Glain', 4000, 1),
(679, 'Jupille-Sur-Meuse', 4020, 1),
(680, 'Wandre', 4020, 1),
(681, 'Angleur', 4031, 1),
(682, 'Plainevaux', 4122, 1),
(683, 'Dolembreux', 4140, 1),
(684, 'Gomzé-Andoumont', 4140, 1),
(685, 'Louveigné', 4141, 1),
(686, 'My', 4190, 1),
(687, 'Xhoris', 4190, 1),
(688, 'Marneffe', 4210, 1),
(689, 'Héron', 4217, 1),
(690, 'Lavoir', 4217, 1),
(691, 'Waret-L\'evêque', 4217, 1),
(692, 'Couthuin', 4218, 1),
(693, 'Acosse', 4219, 1),
(694, 'Boëlhe', 4250, 1),
(695, 'Geer', 4250, 1),
(696, 'Hollogne-Sur-Geer', 4250, 1),
(697, 'Lens-Saint-Servais', 4250, 1),
(698, 'Berloz', 4257, 1),
(699, 'Avennes', 4260, 1),
(700, 'Braives', 4260, 1),
(701, 'Ville-En-Hesbaye', 4260, 1),
(702, 'Avin', 4280, 1),
(703, 'Crehen', 4280, 1),
(704, 'Trognée', 4280, 1),
(705, 'Villers-Le-Peuplier', 4280, 1),
(706, 'Pellaines', 4287, 1),
(707, 'Lantremange', 4300, 1),
(708, 'Aineffe', 4317, 1),
(709, 'Borlez', 4317, 1),
(710, 'Villers-L\'evêque', 4340, 1),
(711, 'Freloux', 4347, 1),
(712, 'Noville', 4347, 1),
(713, 'Pousset', 4350, 1),
(714, 'Limont', 4357, 1),
(715, 'Lens-Sur-Geer', 4360, 1),
(716, 'Otrange', 4360, 1),
(717, 'Crisnée', 4367, 1),
(718, 'Kemexhe', 4367, 1),
(719, 'Flémalle-Grande', 4400, 1),
(720, 'Montegnée', 4420, 1),
(721, 'Xhendremael', 4432, 1),
(722, 'Voroux-Lez-Liers', 4451, 1),
(723, 'Paifve', 4452, 1),
(724, 'Wihogne', 4452, 1),
(725, 'Velroux', 4460, 1),
(726, 'Clermont-Sous-Huy', 4480, 1),
(727, 'Engis', 4480, 1),
(728, 'Tihange', 4500, 1),
(729, 'Bas-Oha', 4520, 1),
(730, 'Warnant-Dreye', 4530, 1),
(731, 'Saint-Séverin', 4550, 1),
(732, 'Tinlot', 4557, 1),
(733, 'Les Avins', 4560, 1),
(734, 'Ocquier', 4560, 1),
(735, 'Marchin', 4570, 1),
(736, 'Vyle-Et-Tharoul', 4570, 1),
(737, 'Modave', 4577, 1),
(738, 'Richelle', 4600, 1),
(739, 'Feneur', 4607, 1),
(740, 'Bellaire', 4610, 1),
(741, 'Beyne-Heusay', 4610, 1),
(742, 'Soumagne', 4630, 1),
(743, 'Tignée', 4630, 1),
(744, 'Herve', 4650, 1),
(745, 'Trembleur', 4670, 1),
(746, 'Saint-Remy', 4672, 1),
(747, 'Hermée', 4680, 1),
(748, 'Haccourt', 4684, 1),
(749, 'Glons', 4690, 1),
(750, 'Roclenge-Sur-Geer', 4690, 1),
(751, 'Kettenis', 4701, 1),
(752, 'La Calamine', 4720, 1),
(753, 'Hergenrath', 4728, 1),
(754, 'Hauset', 4730, 1),
(755, 'Heppenbach', 4771, 1),
(756, 'Crombach', 4784, 1),
(757, 'Reuland', 4790, 1),
(758, 'Thommen', 4791, 1),
(759, 'Lambermont', 4800, 1),
(760, 'Stembert', 4801, 1),
(761, 'Dison', 4820, 1),
(762, 'Bilstain', 4831, 1),
(763, 'Baelen', 4837, 1),
(764, 'Membach', 4837, 1),
(765, 'Cornesse', 4860, 1),
(766, 'Forêt', 4870, 1),
(767, 'Spa', 4900, 1),
(768, 'Faymonville', 4950, 1),
(769, 'Robertville', 4950, 1),
(770, 'Fosse', 4980, 1),
(771, 'Lorcé', 4987, 1),
(772, 'Belgrade', 5001, 1),
(773, 'Daussoulx', 5020, 1),
(774, 'Vedrin', 5020, 1),
(775, 'Boninne', 5021, 1),
(776, 'Marche-Les-Dames', 5024, 1),
(777, 'Ernage', 5030, 1),
(778, 'Sauvenière', 5030, 1),
(779, 'Grand-Leez', 5031, 1),
(780, 'Bossière', 5032, 1),
(781, 'Tamines', 5060, 1),
(782, 'Warisoulx', 5080, 1),
(783, 'Meux', 5081, 1),
(784, 'Wépion', 5100, 1),
(785, 'Bois-De-Villers', 5170, 1),
(786, 'Balâtre', 5190, 1),
(787, 'Saint-Martin', 5190, 1),
(788, 'Sclayn', 5300, 1),
(789, 'Aische-En-Refail', 5310, 1),
(790, 'Eghezée', 5310, 1),
(791, 'Longchamps', 5310, 1),
(792, 'Taviers', 5310, 1),
(793, 'Sart-Bernard', 5330, 1),
(794, 'Crupet', 5332, 1),
(795, 'Florée', 5334, 1),
(796, 'Scy', 5361, 1),
(797, 'Emptinne', 5363, 1),
(798, 'Nettinne', 5377, 1),
(799, 'Bierwart', 5380, 1),
(800, 'Dréhance', 5500, 1),
(801, 'Thynes', 5502, 1),
(802, 'Foy-Notre-Dame', 5504, 1),
(803, 'Onhaye', 5520, 1),
(804, 'Serville', 5521, 1),
(805, 'Weillen', 5523, 1),
(806, 'Yvoir', 5530, 1),
(807, 'Mouzaive', 5550, 1),
(808, 'Monceau-En-Ardenne', 5555, 1),
(809, 'Naomé', 5555, 1),
(810, 'Celles', 5561, 1),
(811, 'Felenne', 5570, 1),
(812, 'Feschaux', 5570, 1),
(813, 'Louette-Saint-Denis', 5575, 1),
(814, 'Ave-Et-Auffe', 5580, 1),
(815, 'Eprave', 5580, 1),
(816, 'Lessive', 5580, 1),
(817, 'Braibant', 5590, 1),
(818, 'Ciney', 5590, 1),
(819, 'Conneux', 5590, 1),
(820, 'Sovet', 5590, 1),
(821, 'Jamagne', 5600, 1),
(822, 'Neuville', 5600, 1),
(823, 'Omezée', 5600, 1),
(824, 'Philippeville', 5600, 1),
(825, 'Sautour', 5600, 1),
(826, 'Villers-En-Fagne', 5600, 1),
(827, 'Florennes', 5620, 1),
(828, 'Hemptinne-Lez-Florennes', 5620, 1),
(829, 'Saint-Aubin', 5620, 1),
(830, 'Cerfontaine', 5630, 1),
(831, 'Soumoy', 5630, 1),
(832, 'Biesmerée', 5640, 1),
(833, 'Graux', 5640, 1),
(834, 'Oret', 5640, 1),
(835, 'Aublain', 5660, 1),
(836, 'Pesche', 5660, 1),
(837, 'Dourbes', 5670, 1),
(838, 'Mazée', 5670, 1),
(839, 'Oignies-En-Thiérache', 5670, 1),
(840, 'Olloy-Sur-Viroin', 5670, 1),
(841, 'Dampremy', 6020, 1),
(842, 'Gosselies', 6041, 1),
(843, 'Ham-Sur-Heure', 6120, 1),
(844, 'Leernes', 6142, 1),
(845, 'Courcelles', 6180, 1),
(846, 'Châtelineau', 6200, 1),
(847, 'Wangenies', 6220, 1),
(848, 'Wagnelée', 6223, 1),
(849, 'Wanfercée-Baulet', 6224, 1),
(850, 'Aiseau-Presles', 6250, 1),
(851, 'Pont-De-Loup', 6250, 1),
(852, 'Gerpinnes', 6280, 1),
(853, 'Gougnies', 6280, 1),
(854, 'Joncret', 6280, 1),
(855, 'Villers-Poterie', 6280, 1),
(856, 'Erpion', 6441, 1),
(857, 'Bailièvre', 6460, 1),
(858, 'Villers-La-Tour', 6460, 1),
(859, 'Forges', 6464, 1),
(860, 'Leugnies', 6500, 1),
(861, 'Thuin', 6530, 1),
(862, 'Biercée', 6533, 1),
(863, 'Gozée', 6534, 1),
(864, 'Bersillies-L\'abbaye', 6560, 1),
(865, 'Hantes-Wihéries', 6560, 1),
(866, 'Montignies-Saint-Christophe', 6560, 1),
(867, 'Fontaine-Valmont', 6567, 1),
(868, 'Macon', 6591, 1),
(869, 'Macquenoise', 6593, 1),
(870, 'Beauwelz', 6594, 1),
(871, 'Bastogne', 6600, 1),
(872, 'Martelange', 6630, 1),
(873, 'Fauvillers', 6637, 1),
(874, 'Hollange', 6637, 1),
(875, 'Tintange', 6637, 1),
(876, 'Nives', 6640, 1),
(877, 'Sibret', 6640, 1),
(878, 'Mont', 6661, 1),
(879, 'Tavigny', 6662, 1),
(880, 'Wibrin', 6666, 1),
(881, 'Bovigny', 6671, 1),
(882, 'Sainte-Ode', 6680, 1),
(883, 'Vielsalm', 6690, 1),
(884, 'Heinsch', 6700, 1),
(885, 'Attert', 6717, 1),
(886, 'Nothomb', 6717, 1),
(887, 'Thiaumont', 6717, 1),
(888, 'Habay', 6720, 1),
(889, 'Habay-La-Neuve', 6720, 1),
(890, 'Houdemont', 6724, 1),
(891, 'Etalle', 6740, 1),
(892, 'Sainte-Marie-Sur-Semois', 6740, 1),
(893, 'Buzenol', 6743, 1),
(894, 'Saint-Léger', 6747, 1),
(895, 'Gérouville', 6769, 1),
(896, 'Villers-La-Loue', 6769, 1),
(897, 'Aubange', 6790, 1),
(898, 'Rachecourt', 6792, 1),
(899, 'Saint-Pierre', 6800, 1),
(900, 'Chiny', 6810, 1),
(901, 'Suxy', 6812, 1),
(902, 'Chassepierre', 6824, 1),
(903, 'Sensenruth', 6832, 1),
(904, 'Grandvoir', 6840, 1),
(905, 'Offagne', 6850, 1),
(906, 'Opont', 6852, 1),
(907, 'Léglise', 6860, 1),
(908, 'Villance', 6890, 1),
(909, 'Marche-En-Famenne', 6900, 1),
(910, 'Roy', 6900, 1),
(911, 'Bure', 6927, 1),
(912, 'Grupont', 6927, 1),
(913, 'Daverdisse', 6929, 1),
(914, 'Bande', 6951, 1),
(915, 'Harre', 6960, 1),
(916, 'Odeigne', 6960, 1),
(917, 'La Roche-En-Ardenne', 6980, 1),
(918, 'Beffe', 6987, 1),
(919, 'Hodister', 6987, 1),
(920, 'Marcourt', 6987, 1),
(921, 'Marenne', 6990, 1),
(922, 'Soy', 6997, 1),
(923, 'Ghlin', 7011, 1),
(924, 'Jemappes', 7012, 1),
(925, 'Maisières', 7020, 1),
(926, 'Mesvin', 7022, 1),
(927, 'Villers-Saint-Ghislain', 7031, 1),
(928, 'Cuesmes', 7033, 1),
(929, 'Trivières', 7100, 1),
(930, 'Maurage', 7110, 1),
(931, 'Peissant', 7120, 1),
(932, 'Rouveroy', 7120, 1),
(933, 'Péronnes-Lez-Binche', 7134, 1),
(934, 'Carnières', 7141, 1),
(935, 'Chapelle-Lez-Herlaimont', 7160, 1),
(936, 'Piéton', 7160, 1),
(937, 'Bellecourt', 7170, 1),
(938, 'Ecaussinnes', 7190, 1),
(939, 'Ecaussinnes-Lalaing', 7191, 1),
(940, 'Pommeroeul', 7322, 1),
(941, 'Colfontaine', 7340, 1),
(942, 'Dour', 7370, 1),
(943, 'Baisieux', 7380, 1),
(944, 'Angreau', 7387, 1),
(945, 'Fayt-Le-Franc', 7387, 1),
(946, 'Willemeau', 7506, 1),
(947, 'Barry', 7534, 1),
(948, 'Wasmes-Audemez-Briffoeil', 7604, 1),
(949, 'Hollain', 7620, 1),
(950, 'Wez-Velvain', 7620, 1),
(951, 'Laplaigne', 7622, 1),
(952, 'Rongy', 7623, 1),
(953, 'Bailleul', 7730, 1),
(954, 'Hérinnes-Lez-Pecq', 7742, 1),
(955, 'Molenbaix', 7760, 1),
(956, 'Pottes', 7760, 1),
(957, 'Houthem', 7781, 1),
(958, 'Ath', 7800, 1),
(959, 'Lanquesaint', 7800, 1),
(960, 'Houtaing', 7812, 1),
(961, 'Gondregnies', 7830, 1),
(962, 'Graty', 7830, 1),
(963, 'Papignies', 7861, 1),
(964, 'Ghoy', 7863, 1),
(965, 'Deux-Acren', 7864, 1),
(966, 'Lombise', 7870, 1),
(967, 'Montignies-Lez-Lens', 7870, 1),
(968, 'Wodecq', 7890, 1),
(969, 'Leuze-En-Hainaut', 7900, 1),
(970, 'Chapelle-À-Wattines', 7903, 1),
(971, 'Pipaix', 7904, 1),
(972, 'Tourpes', 7904, 1),
(973, 'Willaupuis', 7904, 1),
(974, 'Forest', 7910, 1),
(975, 'Frasnes-Lez-Anvaing', 7910, 1),
(976, 'Frasnes-Lez-Buissenal', 7911, 1),
(977, 'Hacquegnies', 7911, 1),
(978, 'Dergneau', 7912, 1),
(979, 'Saint-Sauveur', 7912, 1),
(980, 'Brugelette', 7940, 1),
(981, 'Thumaide', 7971, 1),
(982, 'Brugge', 8000, 1),
(983, 'Hertsberge', 8020, 1),
(984, 'Waardamme', 8020, 1),
(985, 'Loppem', 8210, 1),
(986, 'Veldegem', 8210, 1),
(987, 'Aartrijke', 8211, 1),
(988, 'Knokke', 8300, 1),
(989, 'Westkapelle', 8300, 1),
(990, 'Assebroek', 8310, 1),
(991, 'Sint-Kruis', 8310, 1),
(992, 'Hoeke', 8340, 1),
(993, 'Blankenberge', 8370, 1),
(994, 'Uitkerke', 8370, 1),
(995, 'Dudzele', 8380, 1),
(996, 'Middelkerke', 8430, 1),
(997, 'Wilskerke', 8431, 1),
(998, 'Lombardsijde', 8434, 1),
(999, 'Roksem', 8460, 1),
(1000, 'Moere', 8470, 1),
(1001, 'Jabbeke', 8490, 1),
(1002, 'Stalhille', 8490, 1),
(1003, 'Heule', 8501, 1),
(1004, 'Marke', 8510, 1),
(1005, 'Kuurne', 8520, 1),
(1006, 'Vichte', 8570, 1),
(1007, 'Kaster', 8572, 1),
(1008, 'Avelgem', 8580, 1),
(1009, 'Outrijve', 8582, 1),
(1010, 'Oostkerke', 8600, 1),
(1011, 'Vladslo', 8600, 1),
(1012, 'Vleteren', 8640, 1),
(1013, 'Pollinkhove', 8647, 1),
(1014, 'Merkem', 8650, 1),
(1015, 'Adinkerke', 8660, 1),
(1016, 'Zande', 8680, 1),
(1017, 'Stavele', 8691, 1),
(1018, 'Kanegem', 8700, 1),
(1019, 'Dentergem', 8720, 1),
(1020, 'Pittem', 8740, 1),
(1021, 'Meulebeke', 8760, 1),
(1022, 'Beveren', 8800, 1),
(1023, 'Lichtervelde', 8810, 1),
(1024, 'Hooglede', 8830, 1),
(1025, 'Westrozebeke', 8840, 1),
(1026, 'Dadizele', 8890, 1),
(1027, 'Hollebeke', 8902, 1),
(1028, 'Vlamertinge', 8908, 1),
(1029, 'Langemark', 8920, 1),
(1030, 'Krombeke', 8972, 1),
(1031, 'Proven', 8972, 1),
(1032, 'Zandvoorde', 8980, 1),
(1033, 'Sint-Amandsberg', 9040, 1),
(1034, 'Gentbrugge', 9050, 1),
(1035, 'Afsnee', 9051, 1),
(1036, 'Sint-Denijs-Westrem', 9051, 1),
(1037, 'Zwijnaarde', 9052, 1),
(1038, 'Zelzate', 9060, 1),
(1039, 'Gontrode', 9090, 1),
(1040, 'Nieuwkerken-Waas', 9100, 1),
(1041, 'Steendorp', 9140, 1),
(1042, 'Eksaarde', 9160, 1),
(1043, 'Wachtebeke', 9185, 1),
(1044, 'Sint-Gillis-Dendermonde', 9200, 1),
(1045, 'Hofstade', 9308, 1),
(1046, 'Baardegem', 9310, 1),
(1047, 'Appelterre-Eichem', 9400, 1),
(1048, 'Ninove', 9400, 1),
(1049, 'Okegem', 9400, 1),
(1050, 'Aaigem', 9420, 1),
(1051, 'Erpe-Mere', 9420, 1),
(1052, 'Denderhoutem', 9450, 1),
(1053, 'Waarbeke', 9506, 1),
(1054, 'Zonnegem', 9520, 1),
(1055, 'Sint-Antelinks', 9550, 1),
(1056, 'Sint-Lievens-Esse', 9550, 1),
(1057, 'Ressegem', 9551, 1),
(1058, 'Erwetegem', 9620, 1),
(1059, 'Godveerdegem', 9620, 1),
(1060, 'Meilegem', 9630, 1),
(1061, 'Munkzwalm', 9630, 1),
(1062, 'Paulatem', 9630, 1),
(1063, 'Nederzwalm-Hermelgem', 9636, 1),
(1064, 'Brakel', 9660, 1),
(1065, 'Horebeke', 9667, 1),
(1066, 'Sint-Kornelis-Horebeke', 9667, 1),
(1067, 'Etikhove', 9680, 1),
(1068, 'Maarkedal', 9680, 1),
(1069, 'Nukerke', 9681, 1),
(1070, 'Eine', 9700, 1),
(1071, 'Leupegem', 9700, 1),
(1072, 'Mater', 9700, 1),
(1073, 'Mullem', 9700, 1),
(1074, 'Oudenaarde', 9700, 1),
(1075, 'Wannegem-Lede', 9772, 1),
(1076, 'Ooike', 9790, 1),
(1077, 'Petegem-Aan-De-Schelde', 9790, 1),
(1078, 'Wortegem-Petegem', 9790, 1),
(1079, 'Bachte-Maria-Leerne', 9800, 1),
(1080, 'Grammene', 9800, 1),
(1081, 'Petegem-Aan-De-Leie', 9800, 1),
(1082, 'Eke', 9810, 1),
(1083, 'Bottelare', 9820, 1),
(1084, 'De Pinte', 9840, 1),
(1085, 'Oosterzele', 9860, 1),
(1086, 'Lotenhulle', 9880, 1),
(1087, 'Boekhoute', 9961, 1),
(1088, 'Maldegem', 9990, 1),
(1089, 'Schaerbeek', 1030, 1),
(1090, 'Woluwe-Saint-Pierre', 1150, 1),
(1091, 'Saint-Josse-Ten-Noode', 1210, 1),
(1092, 'Limal', 1300, 1),
(1093, 'Incourt', 1315, 1),
(1094, 'Piètrebais', 1315, 1),
(1095, 'Roux-Miroir', 1315, 1),
(1096, 'Bonlez', 1325, 1),
(1097, 'Corroy-Le-Grand', 1325, 1),
(1098, 'Ottignies-Louvain-La-Neuve', 1340, 1),
(1099, 'Folx-Les-Caves', 1350, 1),
(1100, 'Neerheylissem', 1357, 1),
(1101, 'Perwez', 1360, 1),
(1102, 'Jodoigne', 1370, 1),
(1103, 'Biez', 1390, 1),
(1104, 'Baulers', 1401, 1),
(1105, 'Ophain-Bois-Seigneur-Isaac', 1421, 1),
(1106, 'Bierghes', 1430, 1),
(1107, 'Chastre', 1450, 1),
(1108, 'Chastre-Villeroux-Blanmont', 1450, 1),
(1109, 'Saint-Géry', 1450, 1),
(1110, 'Nil-Saint-Vincent-Saint-Martin', 1457, 1),
(1111, 'Tourinnes-Saint-Lambert', 1457, 1),
(1112, 'Haut-Ittre', 1461, 1),
(1113, 'Baisy-Thy', 1470, 1),
(1114, 'Ways', 1474, 1),
(1115, 'Buizingen', 1501, 1),
(1116, 'Biévène', 1547, 1),
(1117, 'Linkebeek', 1630, 1),
(1118, 'Rhode-Saint-Genèse', 1640, 1),
(1119, 'Sint-Ulriks-Kapelle', 1700, 1),
(1120, 'Groot-Bijgaarden', 1702, 1),
(1121, 'Relegem', 1731, 1),
(1122, 'Zellik', 1731, 1),
(1123, 'Ternat', 1740, 1),
(1124, 'Gaasbeek', 1750, 1),
(1125, 'Lennik', 1750, 1),
(1126, 'Wemmel', 1780, 1),
(1127, 'Hamme', 1785, 1),
(1128, 'Affligem', 1790, 1),
(1129, 'Essene', 1790, 1),
(1130, 'Teralfene', 1790, 1),
(1131, 'Perk', 1820, 1),
(1132, 'Meise', 1860, 1),
(1133, 'Berg', 1910, 1),
(1134, 'Buken', 1910, 1),
(1135, 'Nederokkerzeel', 1910, 1),
(1136, 'Zaventem', 1930, 1),
(1137, 'Sint-Stevens-Woluwe', 1932, 1),
(1138, 'Antwerpen', 2020, 1),
(1139, 'Antwerpen', 2030, 1),
(1140, 'Deurne', 2100, 1),
(1141, 'Hallaar', 2220, 1),
(1142, 'Heist-Op-Den-Berg', 2220, 1),
(1143, 'Wiekevorst', 2222, 1),
(1144, 'Ramsel', 2230, 1),
(1145, 'Houtvenne', 2235, 1),
(1146, 'Zoerle-Parwijs', 2260, 1),
(1147, 'Grobbendonk', 2280, 1),
(1148, 'Vorselaar', 2290, 1),
(1149, 'Turnhout', 2300, 1),
(1150, 'Oud-Turnhout', 2360, 1),
(1151, 'Ravels', 2380, 1),
(1152, 'Poppel', 2382, 1),
(1153, 'Veerle', 2431, 1),
(1154, 'Balen', 2490, 1),
(1155, 'Broechem', 2520, 1),
(1156, 'Bevel', 2560, 1),
(1157, 'Duffel', 2570, 1),
(1158, 'Walem', 2800, 1),
(1159, 'Leest', 2811, 1),
(1160, 'Rijmenam', 2820, 1),
(1161, 'Tisselt', 2830, 1),
(1162, 'Willebroek', 2830, 1),
(1163, 'Ruisbroek', 2870, 1),
(1164, 'Lippelo', 2890, 1),
(1165, 'Brecht', 2960, 1),
(1166, 'Wuustwezel', 2990, 1),
(1167, 'Herent', 3020, 1),
(1168, 'Veltem-Beisem', 3020, 1),
(1169, 'Huldenberg', 3040, 1),
(1170, 'Sint-Joris-Weert', 3051, 1),
(1171, 'Haasrode', 3053, 1),
(1172, 'Bertem', 3060, 1),
(1173, 'Tervuren', 3080, 1),
(1174, 'Vossem', 3080, 1),
(1175, 'Keerbergen', 3140, 1),
(1176, 'Haacht', 3150, 1),
(1177, 'Lubbeek', 3210, 1),
(1178, 'Binkom', 3211, 1),
(1179, 'Kortrijk-Dutsel', 3220, 1),
(1180, 'Sint-Pieters-Rode', 3220, 1),
(1181, 'Testelt', 3272, 1),
(1182, 'Hakendover', 3300, 1),
(1183, 'Oorbeek', 3300, 1),
(1184, 'Tienen', 3300, 1),
(1185, 'Vissenaken', 3300, 1),
(1186, 'Drieslinter', 3350, 1),
(1187, 'Melkwezer', 3350, 1),
(1188, 'Overhespen', 3350, 1),
(1189, 'Roosbeek', 3370, 1),
(1190, 'Overwinden', 3400, 1),
(1191, 'Walshoutem', 3401, 1),
(1192, 'Wezeren', 3401, 1),
(1193, 'Dormaal', 3440, 1),
(1194, 'Geetbets', 3450, 1),
(1195, 'Molenbeek-Wersbeek', 3461, 1),
(1196, 'Sint-Margriete-Houtem', 3470, 1),
(1197, 'Hoeleden', 3471, 1),
(1198, 'Waanrode', 3473, 1),
(1199, 'Sint-Lambrechts-Herk', 3500, 1),
(1200, 'Stokrooie', 3511, 1),
(1201, 'Houthalen-Helchteren', 3530, 1),
(1202, 'Berbroek', 3540, 1),
(1203, 'Herk-De-Stad', 3540, 1),
(1204, 'Halen', 3545, 1),
(1205, 'Heusden', 3550, 1),
(1206, 'Heusden-Zolder', 3550, 1),
(1207, 'Lummen', 3560, 1),
(1208, 'Beverlo', 3581, 1),
(1209, 'Paal', 3583, 1),
(1210, 'Diepenbeek', 3590, 1),
(1211, 'Veldwezelt', 3620, 1),
(1212, 'Mechelen-Aan-De-Maas', 3630, 1),
(1213, 'Opgrimbie', 3630, 1),
(1214, 'Uikhoven', 3631, 1),
(1215, 'Kessenich', 3640, 1),
(1216, 'Dilsen', 3650, 1),
(1217, 'Gruitrode', 3670, 1),
(1218, 'Meeuwen-Gruitrode', 3670, 1),
(1219, 'Neerglabbeek', 3670, 1),
(1220, 'Diets-Heur', 3700, 1),
(1221, 'Neerrepen', 3700, 1),
(1222, 'Overrepen', 3700, 1),
(1223, 'Tongeren', 3700, 1),
(1224, 'Vreren', 3700, 1),
(1225, 'Guigoven', 3723, 1),
(1226, 'Hoeselt', 3730, 1),
(1227, 'Romershoven', 3730, 1),
(1228, 'Werm', 3730, 1),
(1229, 'Munsterbilzen', 3740, 1),
(1230, 'Martenslinde', 3742, 1),
(1231, 'Hoelbeek', 3746, 1),
(1232, 'Fourons', 3790, 1),
(1233, 'Fouron-Le-Comte', 3798, 1),
(1234, 'Brustem', 3800, 1),
(1235, 'Zepperen', 3800, 1),
(1236, 'Velm', 3806, 1),
(1237, 'Wellen', 3830, 1),
(1238, 'Bommershoven', 3840, 1),
(1239, 'Borgloon', 3840, 1),
(1240, 'Jesseren', 3840, 1),
(1241, 'Kerniel', 3840, 1),
(1242, 'Kolmont', 3840, 1),
(1243, 'Nieuwerkerken', 3850, 1),
(1244, 'Mettekoven', 3870, 1),
(1245, 'Opheers', 3870, 1),
(1246, 'Vorsen', 3890, 1),
(1247, 'Overpelt', 3900, 1),
(1248, 'Ham', 3945, 1),
(1249, 'Beek', 3960, 1),
(1250, 'Bree', 3960, 1),
(1251, 'Grote-Brogel', 3990, 1),
(1252, 'Wijchmaal', 3990, 1),
(1253, 'Bressoux', 4020, 1),
(1254, 'Herstal', 4040, 1),
(1255, 'Vottem', 4041, 1),
(1256, 'Vaux-Sous-Chèvremont', 4051, 1),
(1257, 'Embourg', 4053, 1),
(1258, 'Ehein', 4120, 1),
(1259, 'Rotheux-Rimière', 4120, 1),
(1260, 'Hannêche', 4210, 1),
(1261, 'Ambresin', 4219, 1),
(1262, 'Omal', 4252, 1),
(1263, 'Fallais', 4260, 1),
(1264, 'Fumal', 4260, 1),
(1265, 'Moxhe', 4280, 1),
(1266, 'Petit-Hallet', 4280, 1),
(1267, 'Thisnes', 4280, 1),
(1268, 'Lincent', 4287, 1),
(1269, 'Bettincourt', 4300, 1),
(1270, 'Bleret', 4300, 1),
(1271, 'Waremme', 4300, 1),
(1272, 'Celles', 4317, 1),
(1273, 'Faimes', 4317, 1),
(1274, 'Les Waleffes', 4317, 1),
(1275, 'Awans', 4340, 1),
(1276, 'Hognoul', 4342, 1),
(1277, 'Jeneffe', 4357, 1),
(1278, 'Thys', 4367, 1),
(1279, 'Villers-Saint-Siméon', 4453, 1),
(1280, 'Bierset', 4460, 1),
(1281, 'Hollogne-Aux-Pierres', 4460, 1),
(1282, 'Saint-Georges-Sur-Meuse', 4470, 1),
(1283, 'Hermalle-Sous-Huy', 4480, 1),
(1284, 'Ben-Ahin', 4500, 1),
(1285, 'Huy', 4500, 1),
(1286, 'Vinalmont', 4520, 1),
(1287, 'Vaux-Et-Borset', 4530, 1),
(1288, 'Amay', 4540, 1),
(1289, 'Ombret', 4540, 1),
(1290, 'Soheit-Tinlot', 4557, 1),
(1291, 'Terwagne', 4560, 1),
(1292, 'Outrelouxhe', 4577, 1),
(1293, 'Strée-Lez-Huy', 4577, 1),
(1294, 'Ellemelle', 4590, 1),
(1295, 'Warzée', 4590, 1),
(1296, 'Lixhe', 4600, 1),
(1297, 'Mortroux', 4607, 1),
(1298, 'Queue-Du-Bois', 4610, 1),
(1299, 'Fléron', 4620, 1),
(1300, 'Ayeneux', 4630, 1),
(1301, 'Evegnée', 4631, 1),
(1302, 'Charneux', 4654, 1),
(1303, 'Mortier', 4670, 1),
(1304, 'Housse', 4671, 1),
(1305, 'Oupeye', 4680, 1),
(1306, 'Heusy', 4802, 1),
(1307, 'Limbourg', 4830, 1),
(1308, 'Goé', 4834, 1),
(1309, 'Sart-Lez-Spa', 4845, 1),
(1310, 'Plombières', 4850, 1),
(1311, 'Sippenaeken', 4851, 1),
(1312, 'Hombourg', 4852, 1),
(1313, 'Fraipont', 4870, 1),
(1314, 'Trooz', 4870, 1),
(1315, 'Thimister', 4890, 1),
(1316, 'Aywaille', 4920, 1),
(1317, 'Ernonheid', 4920, 1),
(1318, 'Waimes', 4950, 1),
(1319, 'Malmedy', 4960, 1),
(1320, 'Trois-Ponts', 4980, 1),
(1321, 'Chevron', 4987, 1),
(1322, 'Bra', 4990, 1),
(1323, 'Beez', 5000, 1),
(1324, 'Saint-Servais', 5002, 1),
(1325, 'Champion', 5020, 1),
(1326, 'Suarlée', 5020, 1),
(1327, 'Temploux', 5020, 1),
(1328, 'Cognelée', 5022, 1),
(1329, 'Beuzet', 5030, 1),
(1330, 'Grand-Manil', 5030, 1),
(1331, 'Auvelais', 5060, 1),
(1332, 'Velaine-Sur-Sambre', 5060, 1),
(1333, 'Fosses-La-Ville', 5070, 1),
(1334, 'Sart-Eustache', 5070, 1),
(1335, 'Villers-Lez-Heest', 5080, 1),
(1336, 'Erpent', 5101, 1),
(1337, 'Loyers', 5101, 1),
(1338, 'Boignée', 5140, 1),
(1339, 'Lustin', 5170, 1),
(1340, 'Profondeville', 5170, 1),
(1341, 'Mornimont', 5190, 1),
(1342, 'Landenne', 5300, 1),
(1343, 'Branchon', 5310, 1),
(1344, 'Hanret', 5310, 1),
(1345, 'Leuze', 5310, 1),
(1346, 'Noville-Sur-Méhaigne', 5310, 1),
(1347, 'Sorinne-La-Longue', 5333, 1),
(1348, 'Faulx-Les-Tombes', 5340, 1),
(1349, 'Mozet', 5340, 1),
(1350, 'Evelette', 5350, 1),
(1351, 'Haillot', 5351, 1),
(1352, 'Natoye', 5360, 1),
(1353, 'Achet', 5362, 1),
(1354, 'Flostoy', 5370, 1),
(1355, 'Maffe', 5374, 1),
(1356, 'Bonsin', 5377, 1),
(1357, 'Heure', 5377, 1),
(1358, 'Hogne', 5377, 1),
(1359, 'Noiseux', 5377, 1),
(1360, 'Fernelmont', 5380, 1),
(1361, 'Forville', 5380, 1),
(1362, 'Marchovelette', 5380, 1),
(1363, 'Anthée', 5520, 1),
(1364, 'Sommière', 5523, 1),
(1365, 'Dorinne', 5530, 1),
(1366, 'Evrehailles', 5530, 1),
(1367, 'Anhée', 5537, 1),
(1368, 'Hermeton-Sur-Meuse', 5540, 1),
(1369, 'Alle', 5550, 1),
(1370, 'Bohan', 5550, 1),
(1371, 'Laforet', 5550, 1),
(1372, 'Sugny', 5550, 1),
(1373, 'Gros-Fays', 5555, 1),
(1374, 'Petit-Fays', 5555, 1),
(1375, 'Mesnil-Eglise', 5560, 1),
(1376, 'Baronville', 5570, 1),
(1377, 'Beauraing', 5570, 1),
(1378, 'Vonêche', 5570, 1),
(1379, 'Winenne', 5570, 1),
(1380, 'Pondrôme', 5574, 1),
(1381, 'Bourseigne-Neuve', 5575, 1),
(1382, 'Houdremont', 5575, 1),
(1383, 'Rienne', 5575, 1),
(1384, 'Willerzie', 5575, 1),
(1385, 'Han-Sur-Lesse', 5580, 1),
(1386, 'Jemelle', 5580, 1),
(1387, 'Rochefort', 5580, 1),
(1388, 'Wavreille', 5580, 1),
(1389, 'Fagnolle', 5600, 1),
(1390, 'Jamiolle', 5600, 1),
(1391, 'Romedenne', 5600, 1),
(1392, 'Corenne', 5620, 1),
(1393, 'Hanzinelle', 5621, 1),
(1394, 'Ermeton-Sur-Biert', 5644, 1),
(1395, 'Chastrès', 5650, 1),
(1396, 'Clermont', 5650, 1),
(1397, 'Pry', 5650, 1),
(1398, 'Laneffe', 5651, 1),
(1399, 'Brûly-De-Pesche', 5660, 1),
(1400, 'Petite-Chapelle', 5660, 1),
(1401, 'Le Mesnil', 5670, 1),
(1402, 'Gochenée', 5680, 1),
(1403, 'Matagne-La-Grande', 5680, 1),
(1404, 'Vodelée', 5680, 1),
(1405, 'Marchienne-Au-Pont', 6030, 1),
(1406, 'Jumet', 6040, 1),
(1407, 'Lodelinsart', 6042, 1),
(1408, 'Roux', 6044, 1),
(1409, 'Gilly', 6060, 1),
(1410, 'Landelies', 6111, 1),
(1411, 'Jamioulx', 6120, 1),
(1412, 'Bouffioulx', 6200, 1),
(1413, 'Wayaux', 6210, 1),
(1414, 'Heppignies', 6220, 1),
(1415, 'Thiméon', 6230, 1),
(1416, 'Viesville', 6230, 1),
(1417, 'Luttre', 6238, 1),
(1418, 'Pironchamps', 6240, 1),
(1419, 'Presles', 6250, 1),
(1420, 'Roselies', 6250, 1),
(1421, 'Chimay', 6460, 1),
(1422, 'Baileux', 6464, 1),
(1423, 'Sivry-Rance', 6470, 1),
(1424, 'Solre-Saint-Géry', 6500, 1),
(1425, 'Leers-Et-Fosteau', 6530, 1),
(1426, 'Biesme-Sous-Thuin', 6531, 1),
(1427, 'Bienne-Lez-Happart', 6543, 1),
(1428, 'Erquelinnes', 6560, 1),
(1429, 'Grand-Reng', 6560, 1),
(1430, 'Solre-Sur-Sambre', 6560, 1),
(1431, 'Juseret', 6642, 1),
(1432, 'Mabompré', 6663, 1),
(1433, 'Limerlé', 6670, 1),
(1434, 'Lavacherie', 6681, 1),
(1435, 'Longchamps', 6688, 1),
(1436, 'Toernich', 6700, 1),
(1437, 'Saint-Vincent', 6730, 1),
(1438, 'Vance', 6741, 1),
(1439, 'Châtillon', 6747, 1),
(1440, 'Sommethonne', 6769, 1),
(1441, 'Wolkrange', 6780, 1),
(1442, 'Sélange', 6781, 1),
(1443, 'Habergy', 6782, 1),
(1444, 'Athus', 6791, 1),
(1445, 'Sainte-Marie-Chevigny', 6800, 1),
(1446, 'Les Bulles', 6811, 1),
(1447, 'Villers-Devant-Orval', 6823, 1),
(1448, 'Dohan', 6836, 1),
(1449, 'Grapfontaine', 6840, 1),
(1450, 'Longlier', 6840, 1),
(1451, 'Tournay', 6840, 1),
(1452, 'Bertrix', 6880, 1),
(1453, 'Cugnon', 6880, 1),
(1454, 'Orgeo', 6880, 1),
(1455, 'Herbeumont', 6887, 1),
(1456, 'Ochamps', 6890, 1),
(1457, 'Hargimont', 6900, 1),
(1458, 'Sohier', 6920, 1),
(1459, 'Wellin', 6920, 1),
(1460, 'Lomprez', 6924, 1),
(1461, 'Gembes', 6929, 1),
(1462, 'Haut-Fays', 6929, 1),
(1463, 'Grandhan', 6940, 1),
(1464, 'Septon', 6940, 1),
(1465, 'Borlon', 6941, 1),
(1466, 'Harsin', 6950, 1),
(1467, 'Lesterny', 6953, 1),
(1468, 'Grandmenil', 6960, 1),
(1469, 'Malempré', 6960, 1),
(1470, 'Manhay', 6960, 1),
(1471, 'Tenneville', 6970, 1),
(1472, 'Erneuville', 6972, 1),
(1473, 'Hives', 6984, 1),
(1474, 'Rendeux', 6987, 1),
(1475, 'Fronville', 6990, 1),
(1476, 'Amonines', 6997, 1),
(1477, 'Mons', 7000, 1),
(1478, 'Saint-Symphorien', 7030, 1),
(1479, 'Havay', 7041, 1),
(1480, 'Erbisoeul', 7050, 1),
(1481, 'Jurbise', 7050, 1),
(1482, 'Masnuy-Saint-Pierre', 7050, 1),
(1483, 'Soignies', 7060, 1),
(1484, 'Eugies', 7080, 1),
(1485, 'Noirchain', 7080, 1),
(1486, 'Hennuyères', 7090, 1),
(1487, 'Petit-Roeulx-Lez-Braine', 7090, 1),
(1488, 'Ronquières', 7090, 1),
(1489, 'Haine-Saint-Paul', 7100, 1),
(1490, 'Boussoit', 7110, 1),
(1491, 'Strépy-Bracquegnies', 7110, 1),
(1492, 'Croix-Lez-Rouveroy', 7120, 1),
(1493, 'Fauroeulx', 7120, 1),
(1494, 'Vellereille-Les-Brayeux', 7120, 1),
(1495, 'Binche', 7130, 1),
(1496, 'Waudrez', 7131, 1),
(1497, 'Buvrinnes', 7133, 1),
(1498, 'Leval-Trahegnies', 7134, 1),
(1499, 'Ressaix', 7134, 1),
(1500, 'Morlanwelz-Mariemont', 7140, 1),
(1501, 'Bois-D\'haine', 7170, 1),
(1502, 'Petit-Roeulx-Lez-Nivelles', 7181, 1),
(1503, 'Ecaussinnes-D\'enghien', 7190, 1),
(1504, 'Marche-Lez-Ecaussinnes', 7190, 1),
(1505, 'Bernissart', 7320, 1),
(1506, 'Baudour', 7331, 1),
(1507, 'Sirault', 7332, 1),
(1508, 'Tertre', 7333, 1),
(1509, 'Paturages', 7340, 1),
(1510, 'Hainin', 7350, 1),
(1511, 'Autreppe', 7387, 1),
(1512, 'Wasmuel', 7390, 1),
(1513, 'Ere', 7500, 1),
(1514, 'Saint-Maur', 7500, 1),
(1515, 'Esplechin', 7502, 1),
(1516, 'Lamain', 7522, 1),
(1517, 'Beclers', 7532, 1),
(1518, 'Rumillies', 7540, 1),
(1519, 'Mourcourt', 7543, 1),
(1520, 'Warchin', 7548, 1),
(1521, 'Wiers', 7608, 1),
(1522, 'Rumes', 7610, 1),
(1523, 'Taintignies', 7618, 1),
(1524, 'Jollain-Merlin', 7620, 1),
(1525, 'Howardries', 7624, 1),
(1526, 'Warcoing', 7740, 1),
(1527, 'Esquelmes', 7743, 1),
(1528, 'Obigies', 7743, 1),
(1529, 'Anseroeul', 7750, 1),
(1530, 'Celles', 7760, 1),
(1531, 'Comines', 7780, 1),
(1532, 'Warneton', 7784, 1),
(1533, 'Irchonwelz', 7801, 1),
(1534, 'Bouvignies', 7803, 1),
(1535, 'Arbre', 7811, 1),
(1536, 'Villers-Notre-Dame', 7812, 1),
(1537, 'Ghislenghien', 7822, 1),
(1538, 'Hellebecq', 7830, 1),
(1539, 'Hoves', 7830, 1),
(1540, 'Thoricourt', 7830, 1),
(1541, 'Petit-Enghien', 7850, 1),
(1542, 'Bois-De-Lessines', 7866, 1),
(1543, 'Bauffe', 7870, 1),
(1544, 'Flobecq', 7880, 1),
(1545, 'Ellezelles', 7890, 1),
(1546, 'Lahamaide', 7890, 1),
(1547, 'Arc-Wattripont', 7910, 1),
(1548, 'Wattripont', 7910, 1),
(1549, 'Buissenal', 7911, 1),
(1550, 'Montroeul-Au-Bois', 7911, 1),
(1551, 'Chièvres', 7950, 1),
(1552, 'Beloeil', 7970, 1),
(1553, 'Aubechies', 7972, 1),
(1554, 'Koolkerke', 8000, 1),
(1555, 'Sint-Andries', 8200, 1),
(1556, 'Zedelgem', 8210, 1),
(1557, 'Meetkerke', 8377, 1),
(1558, 'Zuienkerke', 8377, 1),
(1559, 'Klemskerke', 8420, 1),
(1560, 'Sint-Pieters-Kapelle', 8433, 1),
(1561, 'Slijpe', 8433, 1),
(1562, 'Gistel', 8470, 1),
(1563, 'Snellegem', 8490, 1),
(1564, 'Kortrijk', 8500, 1),
(1565, 'Bissegem', 8501, 1),
(1566, 'Harelbeke', 8530, 1),
(1567, 'Hulste', 8531, 1),
(1568, 'Moen', 8552, 1),
(1569, 'Sint-Denijs', 8554, 1),
(1570, 'Kerkhove', 8581, 1),
(1571, 'Bossuit', 8583, 1),
(1572, 'Espierres', 8587, 1),
(1573, 'Helchin', 8587, 1),
(1574, 'Kaaskerke', 8600, 1),
(1575, 'Leke', 8600, 1),
(1576, 'Oudekapelle', 8600, 1),
(1577, 'Woumen', 8600, 1),
(1578, 'Avekapelle', 8630, 1),
(1579, 'Bulskamp', 8630, 1),
(1580, 'Houtem', 8630, 1),
(1581, 'Steenkerke', 8630, 1),
(1582, 'Veurne', 8630, 1),
(1583, 'Lo', 8647, 1),
(1584, 'Reninge', 8647, 1),
(1585, 'Oostduinkerke', 8670, 1),
(1586, 'Wulpen', 8670, 1),
(1587, 'Hoogstade', 8690, 1),
(1588, 'Oeren', 8690, 1),
(1589, 'Sint-Rijkers', 8690, 1),
(1590, 'Schuiferskapelle', 8700, 1),
(1591, 'Ooigem', 8710, 1),
(1592, 'Oeselgem', 8720, 1),
(1593, 'Ingelmunster', 8770, 1),
(1594, 'Waregem', 8790, 1),
(1595, 'Oekene', 8800, 1),
(1596, 'Torhout', 8820, 1),
(1597, 'Staden', 8840, 1),
(1598, 'Ardooie', 8850, 1),
(1599, 'Ledegem', 8880, 1),
(1600, 'Brielen', 8900, 1),
(1601, 'Dikkebus', 8900, 1),
(1602, 'Zillebeke', 8902, 1),
(1603, 'Elverdinge', 8906, 1),
(1604, 'Bikschote', 8920, 1),
(1605, 'Poelkapelle', 8920, 1),
(1606, 'Menen', 8930, 1),
(1607, 'Poperinge', 8970, 1),
(1608, 'Gent', 9000, 1),
(1609, 'Mariakerke', 9030, 1),
(1610, 'Ledeberg', 9050, 1),
(1611, 'Melle', 9090, 1),
(1612, 'Kallo', 9120, 1),
(1613, 'Kallo', 9130, 1),
(1614, 'Kieldrecht', 9130, 1),
(1615, 'Verrebroek', 9130, 1),
(1616, 'Temse', 9140, 1),
(1617, 'Tielrode', 9140, 1),
(1618, 'Kemzeke', 9190, 1),
(1619, 'Dendermonde', 9200, 1),
(1620, 'Mespelare', 9200, 1),
(1621, 'Schoonaarde', 9200, 1),
(1622, 'Massemen', 9230, 1),
(1623, 'Serskamp', 9260, 1),
(1624, 'Wichelen', 9260, 1),
(1625, 'Laarne', 9270, 1),
(1626, 'Wieze', 9280, 1),
(1627, 'Gijzegem', 9308, 1),
(1628, 'Herdersem', 9310, 1),
(1629, 'Moorsel', 9310, 1),
(1630, 'Nieuwerkerken', 9320, 1),
(1631, 'Lede', 9340, 1),
(1632, 'Oordegem', 9340, 1),
(1633, 'Wanzele', 9340, 1),
(1634, 'Lieferinge', 9400, 1),
(1635, 'Pollare', 9401, 1),
(1636, 'Neigem', 9403, 1),
(1637, 'Burst', 9420, 1),
(1638, 'Erpe', 9420, 1),
(1639, 'Haaltert', 9450, 1),
(1640, 'Heldergem', 9450, 1),
(1641, 'Iddergem', 9472, 1),
(1642, 'Nederboelare', 9500, 1),
(1643, 'Overboelare', 9500, 1),
(1644, 'Grimminge', 9506, 1),
(1645, 'Schendelbeke', 9506, 1),
(1646, 'Bavegem', 9520, 1),
(1647, 'Herzele', 9550, 1),
(1648, 'Lierde', 9570, 1),
(1649, 'Sint-Maria-Lierde', 9570, 1),
(1650, 'Sint-Martens-Lierde', 9572, 1),
(1651, 'Renaix', 9600, 1),
(1652, 'Grotenberge', 9620, 1),
(1653, 'Sint-Goriks-Oudenhove', 9620, 1),
(1654, 'Beerlegem', 9630, 1),
(1655, 'Dikkele', 9630, 1),
(1656, 'Rozebeke', 9630, 1),
(1657, 'Michelbeke', 9660, 1),
(1658, 'Nederbrakel', 9660, 1),
(1659, 'Kluisbergen', 9690, 1),
(1660, 'Nederename', 9700, 1),
(1661, 'Zingem', 9750, 1),
(1662, 'Kruishoutem', 9770, 1),
(1663, 'Wortegem', 9790, 1),
(1664, 'Zeveren', 9800, 1),
(1665, 'Sint-Martens-Latem', 9830, 1),
(1666, 'Zevergem', 9840, 1),
(1667, 'Landegem', 9850, 1),
(1668, 'Balegem', 9860, 1),
(1669, 'Landskouter', 9860, 1),
(1670, 'Scheldewindeke', 9860, 1),
(1671, 'Olsene', 9870, 1),
(1672, 'Zulte', 9870, 1),
(1673, 'Gavere', 9890, 1),
(1674, 'Oostwinkel', 9931, 1),
(1675, 'Assenede', 9960, 1),
(1676, 'Oosteeklo', 9968, 1),
(1677, 'Bruxelles', 1000, 1),
(1678, 'Ixelles', 1050, 1),
(1679, 'Anderlecht', 1070, 1),
(1680, 'Watermael-Boitsfort', 1170, 1),
(1681, 'Uccle', 1180, 1),
(1682, 'Woluwe-Saint-Lambert', 1200, 1),
(1683, 'Bierges', 1301, 1),
(1684, 'La Hulpe', 1310, 1),
(1685, 'L\'ecluse', 1320, 1),
(1686, 'Tourinnes-La-Grosse', 1320, 1),
(1687, 'Louvain-La-Neuve', 1348, 1),
(1688, 'Jandrain-Jandrenouille', 1350, 1),
(1689, 'Orbais', 1360, 1),
(1690, 'Bomal', 1367, 1),
(1691, 'Gérompont', 1367, 1),
(1692, 'Mont-Saint-André', 1367, 1),
(1693, 'Lathuy', 1370, 1),
(1694, 'Zétrud-Lumay', 1370, 1),
(1695, 'Lasne', 1380, 1),
(1696, 'Archennes', 1390, 1),
(1697, 'Monstreux', 1400, 1),
(1698, 'Lillois-Witterzée', 1428, 1),
(1699, 'Quenast', 1430, 1),
(1700, 'Corbais', 1435, 1),
(1701, 'Hévillers', 1435, 1),
(1702, 'Mont-Saint-Guibert', 1435, 1),
(1703, 'Walhain-Saint-Paul', 1457, 1),
(1704, 'Ittre', 1460, 1),
(1705, 'Virginal-Samme', 1460, 1),
(1706, 'Bousval', 1470, 1),
(1707, 'Houtain-Le-Val', 1476, 1),
(1708, 'Clabecq', 1480, 1),
(1709, 'Court-Saint-Etienne', 1490, 1),
(1710, 'Mellery', 1495, 1),
(1711, 'Tilly', 1495, 1),
(1712, 'Halle', 1500, 1),
(1713, 'Herfelingen', 1540, 1),
(1714, 'Vollezele', 1570, 1),
(1715, 'Sint-Laureins-Berchem', 1600, 1),
(1716, 'Sint-Pieters-Leeuw', 1600, 1),
(1717, 'Vlezenbeek', 1602, 1),
(1718, 'Beersel', 1650, 1),
(1719, 'Lot', 1651, 1),
(1720, 'Heikruis', 1670, 1),
(1721, 'Bellingen', 1674, 1),
(1722, 'Asse', 1730, 1),
(1723, 'Sint-Katherina-Lombeek', 1742, 1),
(1724, 'Mazenzele', 1745, 1),
(1725, 'Sint-Kwintens-Lennik', 1750, 1),
(1726, 'Kester', 1755, 1),
(1727, 'Roosdaal', 1760, 1),
(1728, 'Strijtem', 1760, 1),
(1729, 'Brussegem', 1785, 1),
(1730, 'Hekelgem', 1790, 1),
(1731, 'Vilvoorde', 1800, 1),
(1732, 'Strombeek-Bever', 1853, 1),
(1733, 'Nossegem', 1930, 1),
(1734, 'Berendrecht', 2040, 1),
(1735, 'Borsbeek', 2150, 1),
(1736, 'Merksem', 2170, 1),
(1737, 'Ekeren', 2180, 1),
(1738, 'Herentals', 2200, 1),
(1739, 'Schriek', 2223, 1),
(1740, 'Westmeerbeek', 2235, 1),
(1741, 'Massenhoven', 2240, 1),
(1742, 'Viersel', 2240, 1),
(1743, 'Oevel', 2260, 1),
(1744, 'Wechelderzande', 2275, 1),
(1745, 'Rijkevorsel', 2310, 1),
(1746, 'Vlimmeren', 2340, 1),
(1747, 'Laakdal', 2430, 1),
(1748, 'Vorst', 2430, 1),
(1749, 'Varendonk', 2431, 1),
(1750, 'Tielen', 2460, 1),
(1751, 'Koningshooikt', 2500, 1),
(1752, 'Oelegem', 2520, 1),
(1753, 'Berlaar', 2590, 1),
(1754, 'Hemiksem', 2620, 1),
(1755, 'Mechelen', 2800, 1),
(1756, 'Heffen', 2801, 1),
(1757, 'Reet', 2840, 1),
(1758, 'Niel', 2845, 1),
(1759, 'Breendonk', 2870, 1),
(1760, 'Kalmthout', 2920, 1),
(1761, 'Brasschaat', 2930, 1),
(1762, 'Sint-Lenaarts', 2960, 1),
(1763, 'Loenhout', 2990, 1),
(1764, 'Leuven', 3000, 1),
(1765, 'Kessel Lo', 3010, 1),
(1766, 'Loonbeek', 3040, 1),
(1767, 'Oud-Heverlee', 3050, 1),
(1768, 'Leefdaal', 3061, 1),
(1769, 'Erps-Kwerps', 3071, 1),
(1770, 'Meerbeek', 3078, 1),
(1771, 'Werchter', 3118, 1),
(1772, 'Aarschot', 3200, 1),
(1773, 'Rillaar', 3202, 1),
(1774, 'Linden', 3210, 1),
(1775, 'Averbode', 3271, 1),
(1776, 'Bost', 3300, 1),
(1777, 'Goetsenhoven', 3300, 1),
(1778, 'Meldert', 3320, 1),
(1779, 'Outgaarden', 3321, 1),
(1780, 'Bierbeek', 3360, 1),
(1781, 'Bunsbeek', 3380, 1),
(1782, 'Kapellen', 3381, 1),
(1783, 'Sint-Joris-Winge', 3390, 1),
(1784, 'Tielt-Winge', 3390, 1),
(1785, 'Eliksem', 3400, 1),
(1786, 'Rumsdorp', 3400, 1),
(1787, 'Wange', 3400, 1),
(1788, 'Waasmont', 3401, 1),
(1789, 'Neerlanden', 3404, 1),
(1790, 'Halle-Booienhoven', 3440, 1),
(1791, 'Helen-Bos', 3440, 1),
(1792, 'Assent', 3460, 1),
(1793, 'Bekkevoort', 3460, 1),
(1794, 'Kersbeek-Miskom', 3472, 1),
(1795, 'Wimmertingen', 3501, 1),
(1796, 'Zonhoven', 3520, 1),
(1797, 'Houthalen', 3530, 1),
(1798, 'Schulen', 3540, 1),
(1799, 'Loksbergen', 3545, 1),
(1800, 'Zelem', 3545, 1),
(1801, 'Meldert', 3560, 1),
(1802, 'Beringen', 3580, 1),
(1803, 'Neerharen', 3620, 1),
(1804, 'Eisden', 3630, 1),
(1805, 'Leut', 3630, 1),
(1806, 'Maasmechelen', 3630, 1),
(1807, 'Meeswijk', 3630, 1),
(1808, 'Molenbeersel', 3640, 1),
(1809, 'As', 3665, 1),
(1810, 'Berg', 3700, 1),
(1811, 'Widooie', 3700, 1),
(1812, 'Vliermaal', 3724, 1),
(1813, 'Eigenbilzen', 3740, 1),
(1814, 'Rijkhoven', 3740, 1),
(1815, 'Kanne', 3770, 1),
(1816, 'Membruggen', 3770, 1),
(1817, 'Teuven', 3793, 1),
(1818, 'Halmaal', 3800, 1),
(1819, 'Berlingen', 3830, 1),
(1820, 'Haren', 3840, 1),
(1821, 'Kozen', 3850, 1);
INSERT INTO `cities` (`id_city`, `cityName`, `postalCode`, `id_country`) VALUES
(1822, 'Wijer', 3850, 1),
(1823, 'Rukkelingen-Loon', 3870, 1),
(1824, 'Vechmaal', 3870, 1),
(1825, 'Neerpelt', 3910, 1),
(1826, 'Sint-Huibrechts-Lille', 3910, 1),
(1827, 'Liège', 4000, 1),
(1828, 'Grivegnee', 4030, 1),
(1829, 'Chaudfontaine', 4050, 1),
(1830, 'Ougrée', 4102, 1),
(1831, 'Neuville-En-Condroz', 4121, 1),
(1832, 'Tilff', 4130, 1),
(1833, 'Rouvreux', 4140, 1),
(1834, 'Comblain-Au-Pont', 4170, 1),
(1835, 'Vieuxville', 4190, 1),
(1836, 'Meeffe', 4219, 1),
(1837, 'Wasseiges', 4219, 1),
(1838, 'Darion', 4253, 1),
(1839, 'Ligney', 4254, 1),
(1840, 'Blehen', 4280, 1),
(1841, 'Cras-Avernas', 4280, 1),
(1842, 'Wansin', 4280, 1),
(1843, 'Viemme', 4317, 1),
(1844, 'Fexhe-Le-Haut-Clocher', 4347, 1),
(1845, 'Hodeige', 4351, 1),
(1846, 'Oreye', 4360, 1),
(1847, 'Mons-Lez-Liège', 4400, 1),
(1848, 'Ans', 4430, 1),
(1849, 'Loncin', 4431, 1),
(1850, 'Juprelle', 4450, 1),
(1851, 'Grâce-Berleur', 4460, 1),
(1852, 'Ehein', 4480, 1),
(1853, 'Moha', 4520, 1),
(1854, 'Wanze', 4520, 1),
(1855, 'Villers-Le-Bouillet', 4530, 1),
(1856, 'Bodegnée', 4537, 1),
(1857, 'Chapon-Seraing', 4537, 1),
(1858, 'Seraing-Le-Château', 4537, 1),
(1859, 'Jehay', 4540, 1),
(1860, 'Abée', 4557, 1),
(1861, 'Ramelot', 4557, 1),
(1862, 'Bois-Et-Borsu', 4560, 1),
(1863, 'Pailhe', 4560, 1),
(1864, 'Ouffet', 4590, 1),
(1865, 'Bombaye', 4607, 1),
(1866, 'Warsage', 4608, 1),
(1867, 'Cérexhe-Heuseux', 4632, 1),
(1868, 'Grand-Rechain', 4650, 1),
(1869, 'Blégny', 4670, 1),
(1870, 'Saive', 4671, 1),
(1871, 'Heure-Le-Romain', 4682, 1),
(1872, 'Eben-Emael', 4690, 1),
(1873, 'Elsenborn', 4750, 1),
(1874, 'Rocherath', 4761, 1),
(1875, 'Burg-Reuland', 4790, 1),
(1876, 'Petit-Rechain', 4800, 1),
(1877, 'Welkenraedt', 4840, 1),
(1878, 'Henri-Chapelle', 4841, 1),
(1879, 'Jalhay', 4845, 1),
(1880, 'Montzen', 4850, 1),
(1881, 'Moresnet', 4850, 1),
(1882, 'Aubel', 4880, 1),
(1883, 'Thimister-Clermont', 4890, 1),
(1884, 'Theux', 4910, 1),
(1885, 'Stavelot', 4970, 1),
(1886, 'Stoumont', 4987, 1),
(1887, 'Arbrefontaine', 4990, 1),
(1888, 'Lierneux', 4990, 1),
(1889, 'Saint-Marc', 5003, 1),
(1890, 'Flawinne', 5020, 1),
(1891, 'Malonne', 5020, 1),
(1892, 'Gelbressée', 5024, 1),
(1893, 'Mazy', 5032, 1),
(1894, 'Arsimont', 5060, 1),
(1895, 'Sambreville', 5060, 1),
(1896, 'Sart-Saint-Laurent', 5070, 1),
(1897, 'Dave', 5100, 1),
(1898, 'Sombreffe', 5140, 1),
(1899, 'Tongrinne', 5140, 1),
(1900, 'Floriffoux', 5150, 1),
(1901, 'Soye', 5150, 1),
(1902, 'Rivière', 5170, 1),
(1903, 'Jemeppe-Sur-Sambre', 5190, 1),
(1904, 'Onoz', 5190, 1),
(1905, 'Andenne', 5300, 1),
(1906, 'Bonneville', 5300, 1),
(1907, 'Coutisse', 5300, 1),
(1908, 'Bolinne', 5310, 1),
(1909, 'Upigny', 5310, 1),
(1910, 'Courrière', 5336, 1),
(1911, 'Sorée', 5340, 1),
(1912, 'Jallet', 5354, 1),
(1913, 'Barvaux-Condroz', 5370, 1),
(1914, 'Porcheresse', 5370, 1),
(1915, 'Méan', 5372, 1),
(1916, 'Sinsin', 5377, 1),
(1917, 'Tillier', 5380, 1),
(1918, 'Anseremme', 5500, 1),
(1919, 'Falmagne', 5500, 1),
(1920, 'Lisogne', 5501, 1),
(1921, 'Gerin', 5524, 1),
(1922, 'Durnal', 5530, 1),
(1923, 'Godinne', 5530, 1),
(1924, 'Houx', 5530, 1),
(1925, 'Purnode', 5530, 1),
(1926, 'Denée', 5537, 1),
(1927, 'Haut-Le-Wastia', 5537, 1),
(1928, 'Warnant', 5537, 1),
(1929, 'Hastière-Par-Delà', 5541, 1),
(1930, 'Chairière', 5550, 1),
(1931, 'Pussemange', 5550, 1),
(1932, 'Vresse-Sur-Semois', 5550, 1),
(1933, 'Oizy', 5555, 1),
(1934, 'Wiesme', 5571, 1),
(1935, 'Focant', 5572, 1),
(1936, 'Bourseigne-Vieille', 5575, 1),
(1937, 'Gedinne', 5575, 1),
(1938, 'Mont-Gauthier', 5580, 1),
(1939, 'Chevetogne', 5590, 1),
(1940, 'Pessoux', 5590, 1),
(1941, 'Vodecée', 5600, 1),
(1942, 'Rosée', 5620, 1),
(1943, 'Senzeille', 5630, 1),
(1944, 'Mettet', 5640, 1),
(1945, 'Saint-Gérard', 5640, 1),
(1946, 'Stave', 5646, 1),
(1947, 'Fontenelle', 5650, 1),
(1948, 'Vogenée', 5650, 1),
(1949, 'Yves-Gomezée', 5650, 1),
(1950, 'Tarcienne', 5651, 1),
(1951, 'Boussu-En-Fagne', 5660, 1),
(1952, 'Dailly', 5660, 1),
(1953, 'Mariembourg', 5660, 1),
(1954, 'Presgaux', 5660, 1),
(1955, 'Treignes', 5670, 1),
(1956, 'Soulme', 5680, 1),
(1957, 'Marcinelle', 6001, 1),
(1958, 'Couillet', 6010, 1),
(1959, 'Goutroux', 6030, 1),
(1960, 'Montignies-Sur-Sambre', 6061, 1),
(1961, 'Montigny-Le-Tilleul', 6110, 1),
(1962, 'Forchies-La-Marche', 6141, 1),
(1963, 'Châtelet', 6200, 1),
(1964, 'Frasnes-Lez-Gosselies', 6210, 1),
(1965, 'Lambusart', 6220, 1),
(1966, 'Vergnies', 6440, 1),
(1967, 'Saint-Remy', 6460, 1),
(1968, 'Lompret', 6463, 1),
(1969, 'Bourlers', 6464, 1),
(1970, 'Rièzes', 6464, 1),
(1971, 'Rance', 6470, 1),
(1972, 'Leval-Chaudeville', 6500, 1),
(1973, 'Renlies', 6500, 1),
(1974, 'Strée', 6511, 1),
(1975, 'Donstiennes', 6536, 1),
(1976, 'Mont-Sainte-Geneviève', 6540, 1),
(1977, 'Monceau-Imbrechies', 6592, 1),
(1978, 'Noville', 6600, 1),
(1979, 'Vaux-Lez-Rosières', 6640, 1),
(1980, 'Vaux-Sur-Sûre', 6640, 1),
(1981, 'Tailles', 6661, 1),
(1982, 'Gouvy', 6670, 1),
(1983, 'Amberloup', 6680, 1),
(1984, 'Tillet', 6680, 1),
(1985, 'Flamierge', 6686, 1),
(1986, 'Bihain', 6690, 1),
(1987, 'Guirsch', 6704, 1),
(1988, 'Nobressart', 6717, 1),
(1989, 'Hachy', 6720, 1),
(1990, 'Habay-La-Vieille', 6723, 1),
(1991, 'Bellefontaine', 6730, 1),
(1992, 'Villers-Sur-Semois', 6740, 1),
(1993, 'Meix-Le-Tige', 6747, 1),
(1994, 'Latour', 6761, 1),
(1995, 'Saint-Mard', 6762, 1),
(1996, 'Dampicourt', 6767, 1),
(1997, 'Rouvroy', 6767, 1),
(1998, 'Torgny', 6767, 1),
(1999, 'Meix-Devant-Virton', 6769, 1),
(2000, 'Freux', 6800, 1),
(2001, 'Libramont-Chevigny', 6800, 1),
(2002, 'Jamoigne', 6810, 1),
(2003, 'Termes', 6813, 1),
(2004, 'Lacuisine', 6821, 1),
(2005, 'Les Hayons', 6830, 1),
(2006, 'Poupehan', 6830, 1),
(2007, 'Ucimont', 6833, 1),
(2008, 'Bellevaux', 6834, 1),
(2009, 'Corbion', 6838, 1),
(2010, 'Hamipré', 6840, 1),
(2011, 'Carlsbourg', 6850, 1),
(2012, 'Nollevaux', 6851, 1),
(2013, 'Maissin', 6852, 1),
(2014, 'Framont', 6853, 1),
(2015, 'Mellier', 6860, 1),
(2016, 'Arville', 6870, 1),
(2017, 'Awenne', 6870, 1),
(2018, 'Hatrival', 6870, 1),
(2019, 'Jehonville', 6880, 1),
(2020, 'Saint-Médard', 6887, 1),
(2021, 'Straimont', 6887, 1),
(2022, 'Libin', 6890, 1),
(2023, 'Smuid', 6890, 1),
(2024, 'Aye', 6900, 1),
(2025, 'Humain', 6900, 1),
(2026, 'Chanly', 6921, 1),
(2027, 'Halma', 6922, 1),
(2028, 'Tellin', 6927, 1),
(2029, 'Heyd', 6941, 1),
(2030, 'Nassogne', 6950, 1),
(2031, 'Grune', 6952, 1),
(2032, 'Masbourg', 6953, 1),
(2033, 'Vaux-Chavanne', 6960, 1),
(2034, 'Champlon', 6971, 1),
(2035, 'Beausaint', 6980, 1),
(2036, 'Samrée', 6982, 1),
(2037, 'Mormont', 6997, 1),
(2038, 'Flénu', 7012, 1),
(2039, 'Harveng', 7022, 1),
(2040, 'Hyon', 7022, 1),
(2041, 'Asquillies', 7040, 1),
(2042, 'Erbaut', 7050, 1),
(2043, 'Herchies', 7050, 1),
(2044, 'Thieusies', 7061, 1),
(2045, 'Chaussée-Notre-Dame-Louvignies', 7063, 1),
(2046, 'Thieu', 7070, 1),
(2047, 'Frameries', 7080, 1),
(2048, 'Steenkerque', 7090, 1),
(2049, 'Estinnes-Au-Mont', 7120, 1),
(2050, 'Bray', 7130, 1),
(2051, 'Mont-Sainte-Aldegonde', 7141, 1),
(2052, 'La Hestre', 7170, 1),
(2053, 'Manage', 7170, 1),
(2054, 'Boussu', 7300, 1),
(2055, 'Blaton', 7321, 1),
(2056, 'Ville-Pommeroeul', 7322, 1),
(2057, 'Villerot', 7334, 1),
(2058, 'Wasmes', 7340, 1),
(2059, 'Blaugies', 7370, 1),
(2060, 'Angre', 7387, 1),
(2061, 'Athis', 7387, 1),
(2062, 'Onnezies', 7387, 1),
(2063, 'Quaregnon', 7390, 1),
(2064, 'Tournai', 7500, 1),
(2065, 'Froyennes', 7503, 1),
(2066, 'Froidmont', 7504, 1),
(2067, 'Hertain', 7522, 1),
(2068, 'Mont-Saint-Aubert', 7542, 1),
(2069, 'Baugnies', 7604, 1),
(2070, 'Braffe', 7604, 1),
(2071, 'Callenelle', 7604, 1),
(2072, 'La Glanerie', 7611, 1),
(2073, 'Guignies', 7620, 1),
(2074, 'Bruyelle', 7641, 1),
(2075, 'Fontenoy', 7643, 1),
(2076, 'Luingne', 7700, 1),
(2077, 'Estaimbourg', 7730, 1),
(2078, 'Saint-Léger', 7730, 1),
(2079, 'Popuelles', 7760, 1),
(2080, 'Bizet', 7783, 1),
(2081, 'Ostiches', 7804, 1),
(2082, 'Rebaix', 7804, 1),
(2083, 'Maffle', 7810, 1),
(2084, 'Villers-Saint-Amand', 7812, 1),
(2085, 'Wannebecq', 7861, 1),
(2086, 'Ollignies', 7866, 1),
(2087, 'Lens', 7870, 1),
(2088, 'Blicquy', 7903, 1),
(2089, 'Cordes', 7910, 1),
(2090, 'Oeudeghien', 7911, 1),
(2091, 'Mévergnies-Lez-Lens', 7942, 1),
(2092, 'Basècles', 7971, 1),
(2093, 'Ramegnies', 7971, 1),
(2094, 'Wadelincourt', 7971, 1),
(2095, 'Grandglise', 7973, 1),
(2096, 'Oostkamp', 8020, 1),
(2097, 'Sint-Michiels', 8200, 1),
(2098, 'Knokke-Heist', 8300, 1),
(2099, 'Lapscheure', 8340, 1),
(2100, 'Moerkerke', 8340, 1),
(2101, 'Nieuwmunster', 8377, 1),
(2102, 'Oostende', 8400, 1),
(2103, 'Zandvoorde', 8400, 1),
(2104, 'De Haan', 8420, 1),
(2105, 'Wenduine', 8420, 1),
(2106, 'Leffinge', 8432, 1),
(2107, 'Schore', 8433, 1),
(2108, 'Westende', 8434, 1),
(2109, 'Oudenburg', 8460, 1),
(2110, 'Varsenare', 8490, 1),
(2111, 'Bellegem', 8510, 1),
(2112, 'Kooigem', 8510, 1),
(2113, 'Rollegem', 8510, 1),
(2114, 'Zwevegem', 8550, 1),
(2115, 'Heestert', 8551, 1),
(2116, 'Moorsele', 8560, 1),
(2117, 'Anzegem', 8570, 1),
(2118, 'Espierres-Helchin', 8587, 1),
(2119, 'Pervijze', 8600, 1),
(2120, 'Stuivekenskerke', 8600, 1),
(2121, 'Werken', 8610, 1),
(2122, 'Ramskapelle', 8620, 1),
(2123, 'Sint-Joris', 8620, 1),
(2124, 'Booitshoeke', 8630, 1),
(2125, 'De Moeren', 8630, 1),
(2126, 'Wulveringem', 8630, 1),
(2127, 'Zoutenaaie', 8630, 1),
(2128, 'Woesten', 8640, 1),
(2129, 'Lo-Reninge', 8647, 1),
(2130, 'Houthulst', 8650, 1),
(2131, 'Klerken', 8650, 1),
(2132, 'Koksijde', 8670, 1),
(2133, 'Aarsele', 8700, 1),
(2134, 'Wakken', 8720, 1),
(2135, 'Egem', 8740, 1),
(2136, 'Ruiselede', 8755, 1),
(2137, 'Sint-Eloois-Vijve', 8793, 1),
(2138, 'Kachtem', 8870, 1),
(2139, 'Rollegem-Kapelle', 8880, 1),
(2140, 'Sint-Eloois-Winkel', 8880, 1),
(2141, 'Voormezele', 8902, 1),
(2142, 'Rekkem', 8930, 1),
(2143, 'Geluwe', 8940, 1),
(2144, 'Dranouter', 8951, 1),
(2145, 'Westouter', 8954, 1),
(2146, 'Kemmel', 8956, 1),
(2147, 'Messines', 8957, 1),
(2148, 'Roesbrugge-Haringe', 8972, 1),
(2149, 'Watou', 8978, 1),
(2150, 'Beselare', 8980, 1),
(2151, 'Zonnebeke', 8980, 1),
(2152, 'Drongen', 9031, 1),
(2153, 'Desteldonk', 9042, 1),
(2154, 'Sint-Kruis-Winkel', 9042, 1),
(2155, 'Destelbergen', 9070, 1),
(2156, 'Beervelde', 9080, 1),
(2157, 'Zaffelare', 9080, 1),
(2158, 'Melsele', 9120, 1),
(2159, 'Kruibeke', 9150, 1),
(2160, 'Daknam', 9160, 1),
(2161, 'De Klinge', 9170, 1),
(2162, 'Sint-Gillis-Waas', 9170, 1),
(2163, 'Stekene', 9190, 1),
(2164, 'Grembergen', 9200, 1),
(2165, 'Hamme', 9220, 1),
(2166, 'Westrem', 9230, 1),
(2167, 'Wetteren', 9230, 1),
(2168, 'Kalken', 9270, 1),
(2169, 'Aalst', 9300, 1),
(2170, 'Erembodegem', 9320, 1),
(2171, 'Voorde', 9400, 1),
(2172, 'Meerbeke', 9402, 1),
(2173, 'Aspelare', 9404, 1),
(2174, 'Outer', 9406, 1),
(2175, 'Mere', 9420, 1),
(2176, 'Ottergem', 9420, 1),
(2177, 'Geraardsbergen', 9500, 1),
(2178, 'Idegem', 9506, 1),
(2179, 'Steenhuize-Wijnhuize', 9550, 1),
(2180, 'Woubrechtegem', 9550, 1),
(2181, 'Deftinge', 9570, 1),
(2182, 'Hemelveerdegem', 9571, 1),
(2183, 'Elene', 9620, 1),
(2184, 'Sint-Maria-Oudenhove', 9620, 1),
(2185, 'Zottegem', 9620, 1),
(2186, 'Hundelgem', 9630, 1),
(2187, 'Sint-Denijs-Boekel', 9630, 1),
(2188, 'Zwalm', 9630, 1),
(2189, 'Sint-Maria-Oudenhove', 9660, 1),
(2190, 'Maarke-Kerkem', 9680, 1),
(2191, 'Edelare', 9700, 1),
(2192, 'Heurne', 9700, 1),
(2193, 'Melden', 9700, 1),
(2194, 'Welden', 9700, 1),
(2195, 'Huise', 9750, 1),
(2196, 'Moregem', 9790, 1),
(2197, 'Meigem', 9800, 1),
(2198, 'Deurle', 9831, 1),
(2199, 'Merendree', 9850, 1),
(2200, 'Poesele', 9850, 1),
(2201, 'Bellem', 9881, 1),
(2202, 'Dikkelvenne', 9890, 1),
(2203, 'Vurste', 9890, 1),
(2204, 'Ursel', 9910, 1),
(2205, 'Ertvelde', 9940, 1),
(2206, 'Evergem', 9940, 1),
(2207, 'Kaprijke', 9970, 1),
(2208, 'Sint-Jan-In-Eremo', 9982, 1),
(2209, 'Etterbeek', 1040, 1),
(2210, 'Saint-Gilles', 1060, 1),
(2211, 'Koekelberg', 1081, 1),
(2212, 'Haren', 1130, 1),
(2213, 'Evere', 1140, 1),
(2214, 'Forest', 1190, 1),
(2215, 'Nodebais', 1320, 1),
(2216, 'Dion-Valmont', 1325, 1),
(2217, 'Rixensart', 1330, 1),
(2218, 'Genval', 1332, 1),
(2219, 'Céroux-Mousty', 1341, 1),
(2220, 'Limelette', 1342, 1),
(2221, 'Marilles', 1350, 1),
(2222, 'Hélécine', 1357, 1),
(2223, 'Linsmeau', 1357, 1),
(2224, 'Grand-Rosière-Hottomont', 1367, 1),
(2225, 'Mélin', 1370, 1),
(2226, 'Saint-Remy-Geest', 1370, 1),
(2227, 'Couture-Saint-Germain', 1380, 1),
(2228, 'Plancenoit', 1380, 1),
(2229, 'Nethen', 1390, 1),
(2230, 'Bornival', 1404, 1),
(2231, 'Genappe', 1470, 1),
(2232, 'Vieux-Genappe', 1472, 1),
(2233, 'Sint-Pieters-Kapelle', 1541, 1),
(2234, 'Galmaarden', 1570, 1),
(2235, 'Beert', 1673, 1),
(2236, 'Dilbeek', 1700, 1),
(2237, 'Sint-Martens-Bodegem', 1700, 1),
(2238, 'Opwijk', 1745, 1),
(2239, 'Leerbeek', 1755, 1),
(2240, 'Onze-Lieve-Vrouw-Lombeek', 1760, 1),
(2241, 'Borchtlombeek', 1761, 1),
(2242, 'Melsbroek', 1820, 1),
(2243, 'Steenokkerzeel', 1820, 1),
(2244, 'Machelen', 1830, 1),
(2245, 'Steenhuffel', 1840, 1),
(2246, 'Grimbergen', 1850, 1),
(2247, 'Wolvertem', 1861, 1),
(2248, 'Kampenhout', 1910, 1),
(2249, 'Sterrebeek', 1933, 1),
(2250, 'Elewijt', 1982, 1),
(2251, 'Borgerhout', 2140, 1),
(2252, 'Booischot', 2221, 1),
(2253, 'Itegem', 2222, 1),
(2254, 'Herselt', 2230, 1),
(2255, 'Hulshout', 2235, 1),
(2256, 'Pulderbos', 2242, 1),
(2257, 'Tongerlo', 2260, 1),
(2258, 'Herenthout', 2270, 1),
(2259, 'Poederlee', 2275, 1),
(2260, 'Meer', 2321, 1),
(2261, 'Meerle', 2328, 1),
(2262, 'Malle', 2390, 1),
(2263, 'Oostmalle', 2390, 1),
(2264, 'Westmalle', 2390, 1),
(2265, 'Meerhout', 2450, 1),
(2266, 'Emblem', 2520, 1),
(2267, 'Ranst', 2520, 1),
(2268, 'Boechout', 2530, 1),
(2269, 'Vremde', 2531, 1),
(2270, 'Beerzel', 2580, 1),
(2271, 'Putte', 2580, 1),
(2272, 'Gestel', 2590, 1),
(2273, 'Berchem', 2600, 1),
(2274, 'Schelle', 2627, 1),
(2275, 'Bonheiden', 2820, 1),
(2276, 'Blaasveld', 2830, 1),
(2277, 'Rumst', 2840, 1),
(2278, 'Terhagen', 2840, 1),
(2279, 'Sint-Katelijne-Waver', 2860, 1),
(2280, 'Onze-Lieve-Vrouw-Waver', 2861, 1),
(2281, 'Hingene', 2880, 1),
(2282, 'Sint-Amands', 2890, 1),
(2283, 'Schoten', 2900, 1),
(2284, 'Wilsele', 3012, 1),
(2285, 'Wijgmaal', 3018, 1),
(2286, 'Winksele', 3020, 1),
(2287, 'Neerijse', 3040, 1),
(2288, 'Ottenburg', 3040, 1),
(2289, 'Vaalbeek', 3054, 1),
(2290, 'Everberg', 3078, 1),
(2291, 'Begijnendijk', 3130, 1),
(2292, 'Boortmeerbeek', 3190, 1),
(2293, 'Gelrode', 3200, 1),
(2294, 'Langdorp', 3201, 1),
(2295, 'Zichem', 3271, 1),
(2296, 'Molenstede', 3294, 1),
(2297, 'Linter', 3350, 1),
(2298, 'Korbeek-Lo', 3360, 1),
(2299, 'Opvelp', 3360, 1),
(2300, 'Boutersem', 3370, 1),
(2301, 'Kerkom', 3370, 1),
(2302, 'Ezemaal', 3400, 1),
(2303, 'Neerwinden', 3400, 1),
(2304, 'Ransberg', 3470, 1),
(2305, 'Hasselt', 3500, 1),
(2306, 'Kermt', 3510, 1),
(2307, 'Donk', 3540, 1),
(2308, 'Koersel', 3582, 1),
(2309, 'Genk', 3600, 1),
(2310, 'Lanaken', 3620, 1),
(2311, 'Rekem', 3621, 1),
(2312, 'Ophoven', 3640, 1),
(2313, 'Stokkem', 3650, 1),
(2314, 'Ellikom', 3670, 1),
(2315, 'Wijshagen', 3670, 1),
(2316, 'Maaseik', 3680, 1),
(2317, 'Zutendaal', 3690, 1),
(2318, 'Haren', 3700, 1),
(2319, 'Henis', 3700, 1),
(2320, 'Koninksem', 3700, 1),
(2321, 'Lauw', 3700, 1),
(2322, 'Mal', 3700, 1),
(2323, 'Nerem', 3700, 1),
(2324, 'Piringen', 3700, 1),
(2325, 'Riksingen', 3700, 1),
(2326, 'Sluizen', 3700, 1),
(2327, 'Kortessem', 3720, 1),
(2328, 'Sint-Huibrechts-Hern', 3730, 1),
(2329, 'Beverst', 3740, 1),
(2330, 'Bilzen', 3740, 1),
(2331, 'Hees', 3740, 1),
(2332, 'Kleine-Spouwen', 3740, 1),
(2333, 'Waltwilder', 3740, 1),
(2334, 'Millen', 3770, 1),
(2335, 'Val-Meer', 3770, 1),
(2336, 'Fouron-Saint-Martin', 3790, 1),
(2337, 'Mouland', 3790, 1),
(2338, 'Remersdaal', 3791, 1),
(2339, 'Engelmanshoven', 3800, 1),
(2340, 'Gelinden', 3800, 1),
(2341, 'Gorsem', 3803, 1),
(2342, 'Runkelen', 3803, 1),
(2343, 'Broekom', 3840, 1),
(2344, 'Gors-Opleeuw', 3840, 1),
(2345, 'Gotem', 3840, 1),
(2346, 'Hendrieken', 3840, 1),
(2347, 'Kuttekoven', 3840, 1),
(2348, 'Heers', 3870, 1),
(2349, 'Klein-Gelmen', 3870, 1),
(2350, 'Veulen', 3870, 1),
(2351, 'Jeuk', 3890, 1),
(2352, 'Hamont', 3930, 1),
(2353, 'Hechtel', 3940, 1),
(2354, 'Oostham', 3945, 1),
(2355, 'Bocholt', 3950, 1),
(2356, 'Kaulille', 3950, 1),
(2357, 'Chênee', 4032, 1),
(2358, 'Liers', 4042, 1),
(2359, 'Beaufays', 4052, 1),
(2360, 'Boncelles', 4100, 1),
(2361, 'Seraing', 4100, 1),
(2362, 'Jemeppe-Sur-Meuse', 4101, 1),
(2363, 'Neupré', 4120, 1),
(2364, 'Villers-Aux-Tours', 4161, 1),
(2365, 'Hody', 4162, 1),
(2366, 'Poulseur', 4171, 1),
(2367, 'Comblain-Fairon', 4180, 1),
(2368, 'Corswarem', 4257, 1),
(2369, 'Ciplet', 4260, 1),
(2370, 'Latinne', 4261, 1),
(2371, 'Abolens', 4280, 1),
(2372, 'Avernas-Le-Bauduin', 4280, 1),
(2373, 'Lens-Saint-Remy', 4280, 1),
(2374, 'Merdorp', 4280, 1),
(2375, 'Poucet', 4280, 1),
(2376, 'Racour', 4287, 1),
(2377, 'Fooz', 4340, 1),
(2378, 'Othée', 4340, 1),
(2379, 'Roloux', 4347, 1),
(2380, 'Voroux-Goreux', 4347, 1),
(2381, 'Lamine', 4350, 1),
(2382, 'Momalle', 4350, 1),
(2383, 'Remicourt', 4350, 1),
(2384, 'Haneffe', 4357, 1),
(2385, 'Fize-Le-Marsal', 4367, 1),
(2386, 'Flémalle-Haute', 4400, 1),
(2387, 'Saint-Nicolas', 4420, 1),
(2388, 'Alleur', 4432, 1),
(2389, 'Lantin', 4450, 1),
(2390, 'Slins', 4450, 1),
(2391, 'Grâce-Hollogne', 4460, 1),
(2392, 'Horion-Hozémont', 4460, 1),
(2393, 'Antheit', 4520, 1),
(2394, 'Verlaine', 4537, 1),
(2395, 'Ampsin', 4540, 1),
(2396, 'Flône', 4540, 1),
(2397, 'Villers-Le-Temple', 4550, 1),
(2398, 'Yernée-Fraineux', 4550, 1),
(2399, 'Seny', 4557, 1),
(2400, 'Vierset-Barse', 4577, 1),
(2401, 'Visé', 4600, 1),
(2402, 'Cheratte', 4602, 1),
(2403, 'Berneau', 4607, 1),
(2404, 'Dalhem', 4607, 1),
(2405, 'Retinne', 4621, 1),
(2406, 'Melen', 4633, 1),
(2407, 'Battice', 4651, 1),
(2408, 'Boirs', 4690, 1),
(2409, 'Wonck', 4690, 1),
(2410, 'Eupen', 4700, 1),
(2411, 'Lontzen', 4710, 1),
(2412, 'Walhorn', 4711, 1),
(2413, 'Raeren', 4730, 1),
(2414, 'Eynatten', 4731, 1),
(2415, 'Butgenbach', 4750, 1),
(2416, 'Manderfeld', 4760, 1),
(2417, 'Meyerode', 4770, 1),
(2418, 'Recht', 4780, 1),
(2419, 'Schoenberg', 4782, 1),
(2420, 'Andrimont', 4821, 1),
(2421, 'Gemmenich', 4851, 1),
(2422, 'Wegnez', 4860, 1),
(2423, 'Soiron', 4861, 1),
(2424, 'Nessonvaux', 4870, 1),
(2425, 'La Reid', 4910, 1),
(2426, 'Polleur', 4910, 1),
(2427, 'Bevercé', 4960, 1),
(2428, 'Wanne', 4980, 1),
(2429, 'Basse-Bodeux', 4983, 1),
(2430, 'Lonzée', 5030, 1),
(2431, 'Falisolle', 5060, 1),
(2432, 'Keumiée', 5060, 1),
(2433, 'Aisemont', 5070, 1),
(2434, 'Le Roux', 5070, 1),
(2435, 'Emines', 5080, 1),
(2436, 'Rhisnes', 5080, 1),
(2437, 'Bovesse', 5081, 1),
(2438, 'Jambes', 5100, 1),
(2439, 'Lives-Sur-Meuse', 5101, 1),
(2440, 'Ligny', 5140, 1),
(2441, 'Arbre', 5170, 1),
(2442, 'Moustier-Sur-Sambre', 5190, 1),
(2443, 'Maizeret', 5300, 1),
(2444, 'Namêche', 5300, 1),
(2445, 'Seilles', 5300, 1),
(2446, 'Vezin', 5300, 1),
(2447, 'Dhuy', 5310, 1),
(2448, 'Liernu', 5310, 1),
(2449, 'Mehaigne', 5310, 1),
(2450, 'Assesse', 5330, 1),
(2451, 'Maillen', 5330, 1),
(2452, 'Gesves', 5340, 1),
(2453, 'Haltinne', 5340, 1),
(2454, 'Ohey', 5350, 1),
(2455, 'Hamois', 5360, 1),
(2456, 'Mohiville', 5361, 1),
(2457, 'Havelange', 5370, 1),
(2458, 'Jeneffe', 5370, 1),
(2459, 'Miécret', 5376, 1),
(2460, 'Baillonville', 5377, 1),
(2461, 'Somme-Leuze', 5377, 1),
(2462, 'Waillet', 5377, 1),
(2463, 'Cortil-Wodon', 5380, 1),
(2464, 'Franc-Waret', 5380, 1),
(2465, 'Hemptinne', 5380, 1),
(2466, 'Pontillas', 5380, 1),
(2467, 'Sorinnes', 5503, 1),
(2468, 'Falaen', 5522, 1),
(2469, 'Spontin', 5530, 1),
(2470, 'Annevoie-Rouillon', 5537, 1),
(2471, 'Bioul', 5537, 1),
(2472, 'Sosoye', 5537, 1),
(2473, 'Hastière-Lavaux', 5540, 1),
(2474, 'Waulsort', 5540, 1),
(2475, 'Bagimont', 5550, 1),
(2476, 'Membre', 5550, 1),
(2477, 'Orchimont', 5550, 1),
(2478, 'Baillamont', 5555, 1),
(2479, 'Bièvre', 5555, 1),
(2480, 'Cornimont', 5555, 1),
(2481, 'Ciergnon', 5560, 1),
(2482, 'Finnevaux', 5560, 1),
(2483, 'Hulsonniaux', 5560, 1),
(2484, 'Mesnil-Saint-Blaise', 5560, 1),
(2485, 'Wanlin', 5564, 1),
(2486, 'Honnay', 5570, 1),
(2487, 'Javingue', 5570, 1),
(2488, 'Martouzin-Neuville', 5573, 1),
(2489, 'Sart-Custinne', 5575, 1),
(2490, 'Vencimont', 5575, 1),
(2491, 'Froidfontaine', 5576, 1),
(2492, 'Villers-Sur-Lesse', 5580, 1),
(2493, 'Achêne', 5590, 1),
(2494, 'Leignon', 5590, 1),
(2495, 'Franchimont', 5600, 1),
(2496, 'Merlemont', 5600, 1),
(2497, 'Roly', 5600, 1),
(2498, 'Samart', 5600, 1),
(2499, 'Surice', 5600, 1),
(2500, 'Daussois', 5630, 1),
(2501, 'Biesme', 5640, 1),
(2502, 'Gourdinne', 5651, 1),
(2503, 'Vierves-Sur-Viroin', 5670, 1),
(2504, 'Viroinval', 5670, 1),
(2505, 'Doische', 5680, 1),
(2506, 'Matagne-La-Petite', 5680, 1),
(2507, 'Romerée', 5680, 1),
(2508, 'Vaucelles', 5680, 1),
(2509, 'Monceau-Sur-Sambre', 6031, 1),
(2510, 'Marbaix', 6120, 1),
(2511, 'Nalinnes', 6120, 1),
(2512, 'Anderlues', 6150, 1),
(2513, 'Trazegnies', 6183, 1),
(2514, 'Les Bons Villers', 6210, 1),
(2515, 'Villers-Perwin', 6210, 1),
(2516, 'Mellet', 6211, 1),
(2517, 'Saint-Amand', 6221, 1),
(2518, 'Buzet', 6230, 1),
(2519, 'Pont-À-Celles', 6230, 1),
(2520, 'Liberchies', 6238, 1),
(2521, 'Farciennes', 6240, 1),
(2522, 'Aiseau', 6250, 1),
(2523, 'Boussu-Lez-Walcourt', 6440, 1),
(2524, 'Fourbechies', 6440, 1),
(2525, 'Froidchapelle', 6440, 1),
(2526, 'Salles', 6460, 1),
(2527, 'Vaulx-Lez-Chimay', 6462, 1),
(2528, 'L\'escaillère', 6464, 1),
(2529, 'Montbliart', 6470, 1),
(2530, 'Sautin', 6470, 1),
(2531, 'Beaumont', 6500, 1),
(2532, 'Ragnies', 6532, 1),
(2533, 'Thuillies', 6536, 1),
(2534, 'Sars-La-Buissière', 6542, 1),
(2535, 'Labuissière', 6567, 1),
(2536, 'Merbes-Le-Château', 6567, 1),
(2537, 'Forge-Philippe', 6596, 1),
(2538, 'Seloignes', 6596, 1),
(2539, 'Longvilly', 6600, 1),
(2540, 'Villers-La-Bonne-Eau', 6600, 1),
(2541, 'Morhet', 6640, 1),
(2542, 'Nadrin', 6660, 1),
(2543, 'Bertogne', 6687, 1),
(2544, 'Petit-Thier', 6692, 1),
(2545, 'Grand-Halleux', 6698, 1),
(2546, 'Arlon', 6700, 1),
(2547, 'Bonnert', 6700, 1),
(2548, 'Autelbas', 6706, 1),
(2549, 'Tontelange', 6717, 1),
(2550, 'Rulles', 6724, 1),
(2551, 'Rossignol', 6730, 1),
(2552, 'Tintigny', 6730, 1),
(2553, 'Chantemelle', 6742, 1),
(2554, 'Musson', 6750, 1),
(2555, 'Mussy-La-Ville', 6750, 1),
(2556, 'Ruette', 6760, 1),
(2557, 'Virton', 6760, 1),
(2558, 'Hondelange', 6780, 1),
(2559, 'Messancy', 6780, 1),
(2560, 'Bras', 6800, 1),
(2561, 'Moircy', 6800, 1),
(2562, 'Recogne', 6800, 1),
(2563, 'Izel', 6810, 1),
(2564, 'Sainte-Cécile', 6820, 1),
(2565, 'Noirfontaine', 6831, 1),
(2566, 'Neufchâteau', 6840, 1),
(2567, 'Fays-Les-Veneurs', 6856, 1),
(2568, 'Witry', 6860, 1),
(2569, 'Saint-Hubert', 6870, 1),
(2570, 'Auby-Sur-Semois', 6880, 1),
(2571, 'Redu', 6890, 1),
(2572, 'On', 6900, 1),
(2573, 'Waha', 6900, 1),
(2574, 'Resteigne', 6927, 1),
(2575, 'Porcheresse', 6929, 1),
(2576, 'Bende', 6941, 1),
(2577, 'Tohogne', 6941, 1),
(2578, 'Villers-Sainte-Gertrude', 6941, 1),
(2579, 'Forrières', 6953, 1),
(2580, 'Dochamps', 6960, 1),
(2581, 'Halleux', 6986, 1),
(2582, 'Nimy', 7020, 1),
(2583, 'Harmignies', 7022, 1),
(2584, 'Spiennes', 7032, 1),
(2585, 'Saint-Denis', 7034, 1),
(2586, 'Aulnois', 7040, 1),
(2587, 'Goegnies-Chaussée', 7040, 1),
(2588, 'Quévy-Le-Grand', 7040, 1),
(2589, 'Quévy-Le-Petit', 7040, 1),
(2590, 'Givry', 7041, 1),
(2591, 'Horrues', 7060, 1),
(2592, 'Naast', 7062, 1),
(2593, 'Le Roeulx', 7070, 1),
(2594, 'Mignault', 7070, 1),
(2595, 'La Bouverie', 7080, 1),
(2596, 'Sars-La-Bruyère', 7080, 1),
(2597, 'Haine-Saint-Pierre', 7100, 1),
(2598, 'La Louvière', 7100, 1),
(2599, 'Saint-Vaast', 7100, 1),
(2600, 'Houdeng-Aimeries', 7110, 1),
(2601, 'Estinnes', 7120, 1),
(2602, 'Vellereille-Le-Sec', 7120, 1),
(2603, 'Battignies', 7130, 1),
(2604, 'Epinois', 7134, 1),
(2605, 'Morlanwelz', 7140, 1),
(2606, 'Godarville', 7160, 1),
(2607, 'Fayt-Lez-Manage', 7170, 1),
(2608, 'Feluy', 7181, 1),
(2609, 'Harchies', 7321, 1),
(2610, 'Neufmaison', 7332, 1),
(2611, 'Hautrage', 7334, 1),
(2612, 'Hensies', 7350, 1),
(2613, 'Elouges', 7370, 1),
(2614, 'Marchipont', 7387, 1),
(2615, 'Montignies-Sur-Roc', 7387, 1),
(2616, 'Roisin', 7387, 1),
(2617, 'Ramegnies-Chin', 7520, 1),
(2618, 'Templeuve', 7520, 1),
(2619, 'Chercq', 7521, 1),
(2620, 'Blandain', 7522, 1),
(2621, 'Havinnes', 7531, 1),
(2622, 'Thimougies', 7533, 1),
(2623, 'Maulde', 7534, 1),
(2624, 'Vezon', 7538, 1),
(2625, 'Melles', 7540, 1),
(2626, 'Quartes', 7540, 1),
(2627, 'Bon-Secours', 7603, 1),
(2628, 'Brasmenil', 7604, 1),
(2629, 'Bléharies', 7620, 1),
(2630, 'Lesdain', 7621, 1),
(2631, 'Antoing', 7640, 1),
(2632, 'Péronnes-Lez-Antoing', 7640, 1),
(2633, 'Calonne', 7642, 1),
(2634, 'Mouscron', 7700, 1),
(2635, 'Estaimpuis', 7730, 1),
(2636, 'Evregnies', 7730, 1),
(2637, 'Leers-Nord', 7730, 1),
(2638, 'Amougies', 7750, 1),
(2639, 'Russeignies', 7750, 1),
(2640, 'Escanaffles', 7760, 1),
(2641, 'Ploegsteert', 7782, 1),
(2642, 'Mainvault', 7812, 1),
(2643, 'Moulbaix', 7812, 1),
(2644, 'Meslin-L\'evêque', 7822, 1),
(2645, 'Gibecq', 7823, 1),
(2646, 'Fouleng', 7830, 1),
(2647, 'Marcq', 7850, 1),
(2648, 'Lessines', 7860, 1),
(2649, 'Ogy', 7862, 1),
(2650, 'Cambron-Saint-Vincent', 7870, 1),
(2651, 'Chapelle-À-Oie', 7903, 1),
(2652, 'Gallaix', 7906, 1),
(2653, 'Ellignies-Lez-Frasnes', 7910, 1),
(2654, 'Herquegies', 7911, 1),
(2655, 'Gages', 7943, 1),
(2656, 'Grosage', 7950, 1),
(2657, 'Ladeuze', 7950, 1),
(2658, 'Tongre-Saint-Martin', 7950, 1),
(2659, 'Tongre-Notre-Dame', 7951, 1),
(2660, 'Quevaucamps', 7972, 1),
(2661, 'Damme', 8340, 1),
(2662, 'Oostkerke', 8340, 1),
(2663, 'Sijsele', 8340, 1),
(2664, 'Houtave', 8377, 1),
(2665, 'Stene', 8400, 1),
(2666, 'Bredene', 8450, 1),
(2667, 'Ettelgem', 8460, 1),
(2668, 'Westkerke', 8460, 1),
(2669, 'Ichtegem', 8480, 1),
(2670, 'Zerkegem', 8490, 1),
(2671, 'Aalbeke', 8511, 1),
(2672, 'Bavikhove', 8531, 1),
(2673, 'Deerlijk', 8540, 1),
(2674, 'Otegem', 8553, 1),
(2675, 'Wevelgem', 8560, 1),
(2676, 'Tiegem', 8573, 1),
(2677, 'Handzame', 8610, 1),
(2678, 'Eggewaartskapelle', 8630, 1),
(2679, 'Noordschote', 8647, 1),
(2680, 'De Panne', 8660, 1),
(2681, 'Bovekerke', 8680, 1),
(2682, 'Koekelare', 8680, 1),
(2683, 'Gijverinkhove', 8691, 1),
(2684, 'Izenberge', 8691, 1),
(2685, 'Tielt', 8700, 1),
(2686, 'Sint-Baafs-Vijve', 8710, 1),
(2687, 'Wielsbeke', 8710, 1),
(2688, 'Markegem', 8720, 1),
(2689, 'Sint-Joris', 8730, 1),
(2690, 'Oostrozebeke', 8780, 1),
(2691, 'Beveren', 8791, 1),
(2692, 'Roeselare', 8800, 1),
(2693, 'Oostnieuwkerke', 8840, 1),
(2694, 'Koolskamp', 8851, 1),
(2695, 'Lendelede', 8860, 1),
(2696, 'Emelgem', 8870, 1),
(2697, 'Moorslede', 8890, 1),
(2698, 'Sint-Jan', 8900, 1),
(2699, 'Wervik', 8940, 1),
(2700, 'Heuvelland', 8950, 1),
(2701, 'Wulvergem', 8952, 1),
(2702, 'Reningelst', 8970, 1),
(2703, 'Passendale', 8980, 1),
(2704, 'Wondelgem', 9032, 1),
(2705, 'Lochristi', 9080, 1),
(2706, 'Zeveneken', 9080, 1),
(2707, 'Belsele', 9111, 1),
(2708, 'Sinaai-Waas', 9112, 1),
(2709, 'Haasdonk', 9120, 1),
(2710, 'Bazel', 9150, 1),
(2711, 'Rupelmonde', 9150, 1),
(2712, 'Lokeren', 9160, 1),
(2713, 'Baasrode', 9200, 1),
(2714, 'Moerzeke', 9220, 1),
(2715, 'Opdorp', 9255, 1),
(2716, 'Denderbelle', 9280, 1),
(2717, 'Berlare', 9290, 1),
(2718, 'Overmere', 9290, 1),
(2719, 'Meldert', 9310, 1),
(2720, 'Smetlede', 9340, 1),
(2721, 'Denderwindeke', 9400, 1),
(2722, 'Bambrugge', 9420, 1),
(2723, 'Moerbeke', 9500, 1),
(2724, 'Onkerzele', 9500, 1),
(2725, 'Zarlardinge', 9500, 1),
(2726, 'Nieuwenhove', 9506, 1),
(2727, 'Zandbergen', 9506, 1),
(2728, 'Oombergen', 9520, 1),
(2729, 'Sint-Lievens-Houtem', 9520, 1),
(2730, 'Letterhoutem', 9521, 1),
(2731, 'Hillegem', 9550, 1),
(2732, 'Borsbeke', 9552, 1),
(2733, 'Leeuwergem', 9620, 1),
(2734, 'Oombergen', 9620, 1),
(2735, 'Elst', 9660, 1),
(2736, 'Zegelsem', 9660, 1),
(2737, 'Sint-Maria-Horebeke', 9667, 1),
(2738, 'Schorisse', 9688, 1),
(2739, 'Berchem', 9690, 1),
(2740, 'Ruien', 9690, 1),
(2741, 'Bevere', 9700, 1),
(2742, 'Ename', 9700, 1),
(2743, 'Deinze', 9800, 1),
(2744, 'Gottem', 9800, 1),
(2745, 'Wontergem', 9800, 1),
(2746, 'Melsen', 9820, 1),
(2747, 'Munte', 9820, 1),
(2748, 'Gijzenzele', 9860, 1),
(2749, 'Moortsele', 9860, 1),
(2750, 'Machelen', 9870, 1),
(2751, 'Aalter', 9880, 1),
(2752, 'Poeke', 9880, 1),
(2753, 'Eeklo', 9900, 1),
(2754, 'Lovendegem', 9920, 1),
(2755, 'Vinderhoute', 9921, 1),
(2756, 'Zomergem', 9930, 1),
(2757, 'Ronsele', 9932, 1),
(2758, 'Sleidinge', 9940, 1),
(2759, 'Bassevelde', 9968, 1),
(2760, 'Lembeke', 9971, 1),
(2761, 'Sint-Laureins', 9980, 1),
(2762, 'Sint-Margriete', 9981, 1),
(2763, 'Watervliet', 9988, 1);

-- --------------------------------------------------------

--
-- Structure de la table `countries`
--

DROP TABLE IF EXISTS `countries`;
CREATE TABLE IF NOT EXISTS `countries` (
  `id_country` int NOT NULL AUTO_INCREMENT,
  `countryName` varchar(100) NOT NULL,
  `codeAlpha2` varchar(2) NOT NULL,
  PRIMARY KEY (`id_country`),
  UNIQUE KEY `id_country` (`id_country`)
) ENGINE=InnoDB AUTO_INCREMENT=2 DEFAULT CHARSET=utf8mb4 COLLATE=utf8mb4_0900_ai_ci;

--
-- Déchargement des données de la table `countries`
--

INSERT INTO `countries` (`id_country`, `countryName`, `codeAlpha2`) VALUES
(1, 'belgique', 'be');

-- --------------------------------------------------------

--
-- Structure de la table `permissions`
--

DROP TABLE IF EXISTS `permissions`;
CREATE TABLE IF NOT EXISTS `permissions` (
  `id_permission` int NOT NULL AUTO_INCREMENT,
  `permissionName` varchar(100) NOT NULL,
  `summary` varchar(250) DEFAULT NULL,
  PRIMARY KEY (`id_permission`),
  UNIQUE KEY `id_permission` (`id_permission`)
) ENGINE=InnoDB AUTO_INCREMENT=2 DEFAULT CHARSET=utf8mb4 COLLATE=utf8mb4_0900_ai_ci;

--
-- Déchargement des données de la table `permissions`
--

INSERT INTO `permissions` (`id_permission`, `permissionName`, `summary`) VALUES
(1, 'administrateur', 'contrôle total sur l\'application');

-- --------------------------------------------------------

--
-- Structure de la table `reminders`
--

DROP TABLE IF EXISTS `reminders`;
CREATE TABLE IF NOT EXISTS `reminders` (
  `id_reminder` int NOT NULL AUTO_INCREMENT,
  `id_user` int NOT NULL,
  `id_rental` int NOT NULL,
  `reminderDate` date NOT NULL,
  `message` varchar(500) CHARACTER SET utf8mb4 COLLATE utf8mb4_0900_ai_ci DEFAULT NULL,
  PRIMARY KEY (`id_reminder`),
  UNIQUE KEY `id_reminder` (`id_reminder`),
  KEY `Reminders_FK` (`id_user`),
  KEY `Reminders_FK_1` (`id_rental`)
) ENGINE=InnoDB DEFAULT CHARSET=utf8mb4 COLLATE=utf8mb4_0900_ai_ci;

-- --------------------------------------------------------

--
-- Structure de la table `rentals`
--

DROP TABLE IF EXISTS `rentals`;
CREATE TABLE IF NOT EXISTS `rentals` (
  `id_rental` int NOT NULL AUTO_INCREMENT,
  `id_user` int NOT NULL,
  `dateBegin` date NOT NULL,
  `dateEnd` date NOT NULL,
  `id_userRent` int NOT NULL,
  PRIMARY KEY (`id_rental`),
  UNIQUE KEY `id_rental` (`id_rental`),
  KEY `fk_userRent_idx` (`id_userRent`),
  KEY `fk_user_idx` (`id_user`)
) ENGINE=InnoDB AUTO_INCREMENT=46 DEFAULT CHARSET=utf8mb4 COLLATE=utf8mb4_0900_ai_ci;

--
-- Déchargement des données de la table `rentals`
--

INSERT INTO `rentals` (`id_rental`, `id_user`, `dateBegin`, `dateEnd`, `id_userRent`) VALUES
(39, 4, '2023-03-11', '2023-03-30', 17),
(43, 4, '2023-03-11', '2023-03-03', 16),
(44, 4, '2023-03-13', '2023-03-31', 12),
(45, 4, '2023-03-14', '2023-03-31', 17);

-- --------------------------------------------------------

--
-- Structure de la table `roles`
--

DROP TABLE IF EXISTS `roles`;
CREATE TABLE IF NOT EXISTS `roles` (
  `id_role` int NOT NULL AUTO_INCREMENT,
  `roleName` varchar(100) NOT NULL,
  PRIMARY KEY (`id_role`),
  UNIQUE KEY `id_role` (`id_role`)
) ENGINE=InnoDB AUTO_INCREMENT=6 DEFAULT CHARSET=utf8mb4 COLLATE=utf8mb4_0900_ai_ci;

--
-- Déchargement des données de la table `roles`
--

INSERT INTO `roles` (`id_role`, `roleName`) VALUES
(1, 'administrateur'),
(2, 'direction'),
(3, 'secretariat'),
(4, 'gestionnaire de stock'),
(5, 'emprunteur');

-- --------------------------------------------------------

--
-- Structure de la table `roles_permissions`
--

DROP TABLE IF EXISTS `roles_permissions`;
CREATE TABLE IF NOT EXISTS `roles_permissions` (
  `id_permission` int NOT NULL,
  `id_role` int NOT NULL,
  `id_Roles_Permissions` int NOT NULL AUTO_INCREMENT,
  PRIMARY KEY (`id_Roles_Permissions`),
  UNIQUE KEY `id_Roles_Permissions` (`id_Roles_Permissions`),
  KEY `Roles_Permissions_FK` (`id_permission`),
  KEY `Roles_Permissions_FK_1` (`id_role`)
) ENGINE=InnoDB AUTO_INCREMENT=2 DEFAULT CHARSET=utf8mb4 COLLATE=utf8mb4_0900_ai_ci;

--
-- Déchargement des données de la table `roles_permissions`
--

INSERT INTO `roles_permissions` (`id_permission`, `id_role`, `id_Roles_Permissions`) VALUES
(1, 1, 1);

-- --------------------------------------------------------

--
-- Structure de la table `users`
--

DROP TABLE IF EXISTS `users`;
CREATE TABLE IF NOT EXISTS `users` (
  `id_user` int NOT NULL AUTO_INCREMENT,
  `id_role` int DEFAULT NULL,
  `address` varchar(100) NOT NULL,
  `email` varchar(100) NOT NULL,
  `responsibleType` enum('student','teacher','staff') CHARACTER SET utf8mb4 COLLATE utf8mb4_0900_ai_ci NOT NULL,
  `firstname` varchar(100) NOT NULL,
  `lastname` varchar(100) NOT NULL,
  `barcode` varchar(100) DEFAULT NULL,
  `id_city` int DEFAULT NULL,
  `id_account` int DEFAULT NULL,
  PRIMARY KEY (`id_user`),
  UNIQUE KEY `id_user` (`id_user`),
  UNIQUE KEY `email` (`email`),
  KEY `fk_Accounts_idx` (`id_account`),
  KEY `fk_Roles_idx` (`id_role`),
  KEY `Users_FK` (`id_city`)
) ENGINE=InnoDB AUTO_INCREMENT=43 DEFAULT CHARSET=utf8mb4 COLLATE=utf8mb4_0900_ai_ci;

--
-- Déchargement des données de la table `users`
--

INSERT INTO `users` (`id_user`, `id_role`, `address`, `email`, `responsibleType`, `firstname`, `lastname`, `barcode`, `id_city`, `id_account`) VALUES
(2, 4, 'rue des admins', 'jeanyves.laurent@promsocatc.net', 'staff', 'jean-yves', 'laurent', 'IS00001', 220, 1),
(4, 1, '', '', 'staff', 'admin', 'root', 'IS00000', 220, 2),
(11, 3, '42, rue des écluses', 'secretariat01@email.be', 'staff', 'Secrétaire', '01', NULL, 220, 3),
(12, 5, 'Chaussée du mordor 33', 'gandalf.legris@email.be', 'student', 'Gandalf', 'Le Gris', NULL, 293, NULL),
(15, 4, 'place d\'Erebor 62', 'gimli.degloin@email.be', 'staff', 'Gimli', 'de glóin', NULL, 220, 9),
(16, 5, 'rue de la comté 12', 'frodon.Sacquet@email.be', 'student', 'frodon', 'Sacquet', NULL, 220, NULL),
(17, 5, 'place de Minas Tirith 2', 'Boromire@email.be', 'teacher', 'Boromir', 'De Denethor', NULL, 293, NULL),
(33, 5, '99 , Rue de l\'Or', 'DoreJu@mail.be', 'student', 'Julien', 'Doré', NULL, 220, 10);

--
-- Contraintes pour les tables déchargées
--

--
-- Contraintes pour la table `articles`
--
ALTER TABLE `articles`
  ADD CONSTRAINT `Articles_FK` FOREIGN KEY (`id_category`) REFERENCES `categories` (`id_category`);

--
-- Contraintes pour la table `articles_rentals`
--
ALTER TABLE `articles_rentals`
  ADD CONSTRAINT `Articles_Rentals_FK_Article` FOREIGN KEY (`id_article`) REFERENCES `articles` (`id_article`),
  ADD CONSTRAINT `Articles_Rentals_FKRental` FOREIGN KEY (`id_rental`) REFERENCES `rentals` (`id_rental`);

--
-- Contraintes pour la table `cities`
--
ALTER TABLE `cities`
  ADD CONSTRAINT `Cities_FK` FOREIGN KEY (`id_country`) REFERENCES `countries` (`id_country`);

--
-- Contraintes pour la table `reminders`
--
ALTER TABLE `reminders`
  ADD CONSTRAINT `Reminders_FK` FOREIGN KEY (`id_user`) REFERENCES `users` (`id_user`),
  ADD CONSTRAINT `Reminders_FK_1` FOREIGN KEY (`id_rental`) REFERENCES `rentals` (`id_rental`);

--
-- Contraintes pour la table `rentals`
--
ALTER TABLE `rentals`
  ADD CONSTRAINT `fk_user` FOREIGN KEY (`id_user`) REFERENCES `users` (`id_user`) ON DELETE RESTRICT ON UPDATE RESTRICT,
  ADD CONSTRAINT `fk_userRent` FOREIGN KEY (`id_userRent`) REFERENCES `users` (`id_user`);

--
-- Contraintes pour la table `roles_permissions`
--
ALTER TABLE `roles_permissions`
  ADD CONSTRAINT `Roles_Permissions_FK` FOREIGN KEY (`id_permission`) REFERENCES `permissions` (`id_permission`),
  ADD CONSTRAINT `Roles_Permissions_FK_1` FOREIGN KEY (`id_role`) REFERENCES `roles` (`id_role`);

--
-- Contraintes pour la table `users`
--
ALTER TABLE `users`
  ADD CONSTRAINT `fk_Accounts` FOREIGN KEY (`id_account`) REFERENCES `accounts` (`id_account`),
  ADD CONSTRAINT `fk_Roles` FOREIGN KEY (`id_role`) REFERENCES `roles` (`id_role`),
  ADD CONSTRAINT `Users_FK` FOREIGN KEY (`id_city`) REFERENCES `cities` (`id_city`);
COMMIT;

/*!40101 SET CHARACTER_SET_CLIENT=@OLD_CHARACTER_SET_CLIENT */;
/*!40101 SET CHARACTER_SET_RESULTS=@OLD_CHARACTER_SET_RESULTS */;
/*!40101 SET COLLATION_CONNECTION=@OLD_COLLATION_CONNECTION */;
