CREATE DATABASE  IF NOT EXISTS `rentschool2022` /*!40100 DEFAULT CHARACTER SET utf8mb4 COLLATE utf8mb4_0900_ai_ci */ /*!80016 DEFAULT ENCRYPTION='N' */;
USE `rentschool2022`;
-- MySQL dump 10.13  Distrib 8.0.32, for Win64 (x86_64)
--
-- Host: localhost    Database: rentschool2022
-- ------------------------------------------------------
-- Server version	8.0.32

/*!40101 SET @OLD_CHARACTER_SET_CLIENT=@@CHARACTER_SET_CLIENT */;
/*!40101 SET @OLD_CHARACTER_SET_RESULTS=@@CHARACTER_SET_RESULTS */;
/*!40101 SET @OLD_COLLATION_CONNECTION=@@COLLATION_CONNECTION */;
/*!50503 SET NAMES utf8 */;
/*!40103 SET @OLD_TIME_ZONE=@@TIME_ZONE */;
/*!40103 SET TIME_ZONE='+00:00' */;
/*!40014 SET @OLD_UNIQUE_CHECKS=@@UNIQUE_CHECKS, UNIQUE_CHECKS=0 */;
/*!40014 SET @OLD_FOREIGN_KEY_CHECKS=@@FOREIGN_KEY_CHECKS, FOREIGN_KEY_CHECKS=0 */;
/*!40101 SET @OLD_SQL_MODE=@@SQL_MODE, SQL_MODE='NO_AUTO_VALUE_ON_ZERO' */;
/*!40111 SET @OLD_SQL_NOTES=@@SQL_NOTES, SQL_NOTES=0 */;

--
-- Table structure for table `accounts`
--

DROP TABLE IF EXISTS `accounts`;
/*!40101 SET @saved_cs_client     = @@character_set_client */;
/*!50503 SET character_set_client = utf8mb4 */;
CREATE TABLE `accounts` (
  `id_account` int NOT NULL AUTO_INCREMENT,
  `login` varchar(100) CHARACTER SET utf8mb4 COLLATE utf8mb4_0900_ai_ci NOT NULL,
  `password` varchar(100) CHARACTER SET utf8mb4 COLLATE utf8mb4_0900_ai_ci NOT NULL,
  PRIMARY KEY (`id_account`)
) ENGINE=InnoDB AUTO_INCREMENT=2 DEFAULT CHARSET=utf8mb4 COLLATE=utf8mb4_0900_ai_ci;
/*!40101 SET character_set_client = @saved_cs_client */;

--
-- Dumping data for table `accounts`
--

LOCK TABLES `accounts` WRITE;
/*!40000 ALTER TABLE `accounts` DISABLE KEYS */;
INSERT INTO `accounts` VALUES (1,'admin','admin');
/*!40000 ALTER TABLE `accounts` ENABLE KEYS */;
UNLOCK TABLES;

--
-- Table structure for table `articles`
--

DROP TABLE IF EXISTS `articles`;
/*!40101 SET @saved_cs_client     = @@character_set_client */;
/*!50503 SET character_set_client = utf8mb4 */;
CREATE TABLE `articles` (
  `id_article` int NOT NULL AUTO_INCREMENT,
  `id_category` int NOT NULL,
  `articleName` varchar(100) NOT NULL,
  `ref_sn` varchar(100) DEFAULT NULL,
  `barcode` varchar(100) DEFAULT NULL,
  `state` enum('available','rental','disabled','lost') NOT NULL,
  PRIMARY KEY (`id_article`),
  KEY `Articles_FK` (`id_category`),
  CONSTRAINT `Articles_FK` FOREIGN KEY (`id_category`) REFERENCES `categories` (`id_category`)
) ENGINE=InnoDB AUTO_INCREMENT=9 DEFAULT CHARSET=utf8mb4 COLLATE=utf8mb4_0900_ai_ci;
/*!40101 SET character_set_client = @saved_cs_client */;

--
-- Dumping data for table `articles`
--

LOCK TABLES `articles` WRITE;
/*!40000 ALTER TABLE `articles` DISABLE KEYS */;
INSERT INTO `articles` VALUES (1,1,'hp probook 445 G7','C7RJ','','disabled'),(2,2,'test','123','','disabled'),(3,2,'toto','1234','','available'),(4,3,'tata','tata','','available'),(5,3,'titi','titi','','available'),(6,3,'tutu','tutu','','available'),(7,2,'tota','tete','','lost'),(8,1,'coco','coco','007','available');
/*!40000 ALTER TABLE `articles` ENABLE KEYS */;
UNLOCK TABLES;

--
-- Table structure for table `articles_rentals`
--

DROP TABLE IF EXISTS `articles_rentals`;
/*!40101 SET @saved_cs_client     = @@character_set_client */;
/*!50503 SET character_set_client = utf8mb4 */;
CREATE TABLE `articles_rentals` (
  `id_article` int NOT NULL,
  `id_rental` int NOT NULL,
  `qty` int NOT NULL,
  `id_Articles_Rentals` int NOT NULL AUTO_INCREMENT,
  `dateReturned` date DEFAULT NULL,
  PRIMARY KEY (`id_Articles_Rentals`),
  KEY `Articles_Rentals_FKRental` (`id_rental`),
  KEY `Articles_Rentals_FK` (`id_article`),
  CONSTRAINT `Articles_Rentals_FK_Article` FOREIGN KEY (`id_article`) REFERENCES `articles` (`id_article`),
  CONSTRAINT `Articles_Rentals_FKRental` FOREIGN KEY (`id_rental`) REFERENCES `rentals` (`id_rental`)
) ENGINE=InnoDB AUTO_INCREMENT=16 DEFAULT CHARSET=utf8mb4 COLLATE=utf8mb4_0900_ai_ci;
/*!40101 SET character_set_client = @saved_cs_client */;

--
-- Dumping data for table `articles_rentals`
--

LOCK TABLES `articles_rentals` WRITE;
/*!40000 ALTER TABLE `articles_rentals` DISABLE KEYS */;
INSERT INTO `articles_rentals` VALUES (1,2,1,2,'2023-03-11'),(2,3,1,3,'2023-03-11'),(1,4,1,4,'2023-03-11'),(2,5,1,5,'2023-03-11'),(3,6,1,6,'2023-03-11'),(5,7,1,7,'2023-03-11'),(4,8,1,8,'2023-03-11'),(2,9,1,9,'2023-03-11'),(3,10,1,10,'2023-03-11'),(1,11,1,11,'2023-03-11'),(4,12,1,12,NULL),(3,13,1,13,NULL),(5,14,1,14,NULL),(6,15,1,15,NULL);
/*!40000 ALTER TABLE `articles_rentals` ENABLE KEYS */;
UNLOCK TABLES;

--
-- Table structure for table `categories`
--

DROP TABLE IF EXISTS `categories`;
/*!40101 SET @saved_cs_client     = @@character_set_client */;
/*!50503 SET character_set_client = utf8mb4 */;
CREATE TABLE `categories` (
  `id_category` int NOT NULL AUTO_INCREMENT,
  `categoryName` varchar(100) NOT NULL,
  PRIMARY KEY (`id_category`)
) ENGINE=InnoDB AUTO_INCREMENT=4 DEFAULT CHARSET=utf8mb4 COLLATE=utf8mb4_0900_ai_ci;
/*!40101 SET character_set_client = @saved_cs_client */;

--
-- Dumping data for table `categories`
--

LOCK TABLES `categories` WRITE;
/*!40000 ALTER TABLE `categories` DISABLE KEYS */;
INSERT INTO `categories` VALUES (1,'ordinateur portable'),(2,'câble'),(3,'projecteur video');
/*!40000 ALTER TABLE `categories` ENABLE KEYS */;
UNLOCK TABLES;

--
-- Table structure for table `cities`
--

DROP TABLE IF EXISTS `cities`;
/*!40101 SET @saved_cs_client     = @@character_set_client */;
/*!50503 SET character_set_client = utf8mb4 */;
CREATE TABLE `cities` (
  `id_city` int NOT NULL AUTO_INCREMENT,
  `cityName` varchar(100) NOT NULL,
  `postalCode` int NOT NULL,
  `id_country` int NOT NULL,
  PRIMARY KEY (`id_city`),
  KEY `Cities_FK` (`id_country`),
  CONSTRAINT `Cities_FK` FOREIGN KEY (`id_country`) REFERENCES `countries` (`id_country`)
) ENGINE=InnoDB AUTO_INCREMENT=2759 DEFAULT CHARSET=utf8mb4 COLLATE=utf8mb4_0900_ai_ci;
/*!40101 SET character_set_client = @saved_cs_client */;

--
-- Dumping data for table `cities`
--

LOCK TABLES `cities` WRITE;
/*!40000 ALTER TABLE `cities` DISABLE KEYS */;
INSERT INTO `cities` VALUES (1,'namur',5000,1),(2,'Laeken',1020,1),(3,'Molenbeek-Saint-Jean',1080,1),(4,'Berchem-Sainte-Agathe',1082,1),(5,'Ganshoren',1083,1),(6,'Neder-Over-Heembeek',1120,1),(7,'Beauvechain',1320,1),(8,'Hamme-Mille',1320,1),(9,'Longueville',1325,1),(10,'Ottignies',1340,1),(11,'Enines',1350,1),(12,'Jauche',1350,1),(13,'Orp-Le-Grand',1350,1),(14,'Malèves-Sainte-Marie-Wastines',1360,1),(15,'Ramillies',1367,1),(16,'Jodoigne-Souveraine',1370,1),(17,'Piétrain',1370,1),(18,'Lasne-Chapelle-Saint-Lambert',1380,1),(19,'Maransart',1380,1),(20,'Ohain',1380,1),(21,'Bossut-Gottechain',1390,1),(22,'Waterloo',1410,1),(23,'Braine-L\'alleud',1420,1),(24,'Rebecq',1430,1),(25,'Braine-Le-Château',1440,1),(26,'Cortil-Noirmont',1450,1),(27,'Gentinnes',1450,1),(28,'Walhain',1457,1),(29,'Saintes',1480,1),(30,'Sart-Dames-Avelines',1495,1),(31,'Tollembeek',1570,1),(32,'Dworp',1653,1),(33,'Huizingen',1654,1),(34,'Elingen',1671,1),(35,'Schepdaal',1703,1),(36,'Sint-Martens-Lennik',1750,1),(37,'Oetingen',1755,1),(38,'Merchtem',1785,1),(39,'Diegem',1831,1),(40,'Londerzeel',1840,1),(41,'Humbeek',1851,1),(42,'Beigem',1852,1),(43,'Ramsdonk',1880,1),(44,'Zemst',1980,1),(45,'Weerde',1982,1),(46,'Antwerpen',2040,1),(47,'Antwerpen',2050,1),(48,'Antwerpen',2060,1),(49,'Burcht',2070,1),(50,'Zwijndrecht',2070,1),(51,'Wijnegem',2110,1),(52,'Wommelgem',2160,1),(53,'Pulle',2243,1),(54,'Olen',2250,1),(55,'Lille',2275,1),(56,'Bouwel',2288,1),(57,'Hoogstraten',2320,1),(58,'Arendonk',2370,1),(59,'Retie',2470,1),(60,'Dessel',2480,1),(61,'Olmen',2491,1),(62,'Hove',2540,1),(63,'Lint',2547,1),(64,'Waarloos',2550,1),(65,'Kessel',2560,1),(66,'Nijlen',2560,1),(67,'Aartselaar',2630,1),(68,'Mortsel',2640,1),(69,'Heindonk',2830,1),(70,'Boom',2850,1),(71,'Liezele',2870,1),(72,'Bornem',2880,1),(73,'Mariekerke',2880,1),(74,'Oppuurs',2890,1),(75,'Essen',2910,1),(76,'Zoersel',2980,1),(77,'Heverlee',3001,1),(78,'Sint-Agatha-Rode',3040,1),(79,'Kortenberg',3070,1),(80,'Duisburg',3080,1),(81,'Overijse',3090,1),(82,'Baal',3128,1),(83,'Betekom',3130,1),(84,'Wespelaar',3150,1),(85,'Holsbeek',3220,1),(86,'Nieuwrode',3221,1),(87,'Scherpenheuvel',3270,1),(88,'Deurne',3290,1),(89,'Kaggevinne',3293,1),(90,'Sint-Margriete-Houtem',3300,1),(91,'Neerhespen',3350,1),(92,'Neerlinter',3350,1),(93,'Orsmaal-Gussenhoven',3350,1),(94,'Wommersom',3350,1),(95,'Neervelp',3370,1),(96,'Willebringen',3370,1),(97,'Tielt',3390,1),(98,'Laar',3400,1),(99,'Landen',3400,1),(100,'Budingen',3440,1),(101,'Spalbeek',3510,1),(102,'Stevoort',3512,1),(103,'Zolder',3550,1),(104,'Gellik',3620,1),(105,'Vucht',3630,1),(106,'Boorsem',3631,1),(107,'Dilsen-Stokkem',3650,1),(108,'Elen',3650,1),(109,'Lanklaar',3650,1),(110,'Opglabbeek',3660,1),(111,'Niel-Bij-As',3668,1),(112,'Neeroeteren',3680,1),(113,'Kolmont',3700,1),(114,'Vliermaalroot',3721,1),(115,'Wintershoven',3722,1),(116,'Schalkhoven',3732,1),(117,'Genoelselderen',3770,1),(118,'Herderen',3770,1),(119,'Vlijtingen',3770,1),(120,'Vroenhoven',3770,1),(121,'Zichen-Zussen-Bolder',3770,1),(122,'Fouron-Saint-Pierre',3792,1),(123,'Aalst',3800,1),(124,'Ordingen',3800,1),(125,'Sint-Truiden',3800,1),(126,'Groot-Loon',3840,1),(127,'Hoepertingen',3840,1),(128,'Binderveld',3850,1),(129,'Bovelingen',3870,1),(130,'Heks',3870,1),(131,'Boekhout',3890,1),(132,'Gingelom',3890,1),(133,'Montenaken',3890,1),(134,'Niel-Bij-Sint-Truiden',3890,1),(135,'Muizen',3891,1),(136,'Lommel',3920,1),(137,'Hamont-Achel',3930,1),(138,'Reppel',3950,1),(139,'Gerdingen',3960,1),(140,'Opitter',3960,1),(141,'Tongerlo',3960,1),(142,'Heppen',3971,1),(143,'Kleine-Brogel',3990,1),(144,'Rocourt',4000,1),(145,'Liège',4020,1),(146,'Milmort',4041,1),(147,'Esneux',4130,1),(148,'Sprimont',4140,1),(149,'Anthisnes',4160,1),(150,'Tavier',4163,1),(151,'Comblain-La-Tour',4180,1),(152,'Hamoir',4180,1),(153,'Filot',4181,1),(154,'Ferrières',4190,1),(155,'Werbomont',4190,1),(156,'Burdinne',4210,1),(157,'Lamontzée',4210,1),(158,'Oteppe',4210,1),(159,'Tourinne',4263,1),(160,'Bertrée',4280,1),(161,'Grand-Hallet',4280,1),(162,'Hannut',4280,1),(163,'Bovenistier',4300,1),(164,'Grand-Axhe',4300,1),(165,'Oleye',4300,1),(166,'Donceel',4357,1),(167,'Bergilers',4360,1),(168,'Grandville',4360,1),(169,'Odeur',4367,1),(170,'Awirs',4400,1),(171,'Chokier',4400,1),(172,'Flémalle',4400,1),(173,'Ivoz-Ramet',4400,1),(174,'Tilleur',4420,1),(175,'Fexhe-Slins',4458,1),(176,'Huccorgne',4520,1),(177,'Fize-Fontaine',4530,1),(178,'Vieux-Waleffe',4530,1),(179,'Nandrin',4550,1),(180,'Fraiture',4557,1),(181,'Clavier',4560,1),(182,'Lanaye',4600,1),(183,'Argenteau',4601,1),(184,'Saint-André',4606,1),(185,'Neufchâteau',4608,1),(186,'Magnée',4623,1),(187,'Romsée',4624,1),(188,'Micheroux',4630,1),(189,'Chaineux',4650,1),(190,'Julémont',4650,1),(191,'Xhendelesse',4652,1),(192,'Bolland',4653,1),(193,'Barchon',4671,1),(194,'Hermalle-Sous-Argenteau',4681,1),(195,'Houtain-Saint-Siméon',4682,1),(196,'Vivegnis',4683,1),(197,'Bassenge',4690,1),(198,'Neu-Moresnet',4721,1),(199,'Bullange',4760,1),(200,'Amblève',4770,1),(201,'Saint-Vith',4780,1),(202,'Lommersweiler',4783,1),(203,'Ensival',4800,1),(204,'Polleur',4800,1),(205,'Verviers',4800,1),(206,'Pepinster',4860,1),(207,'Olne',4877,1),(208,'Clermont',4890,1),(209,'Harzé',4920,1),(210,'Louveigné',4920,1),(211,'Sourbrodt',4950,1),(212,'Francorchamps',4970,1),(213,'La Gleize',4987,1),(214,'Rahier',4987,1),(215,'Namur',5000,1),(216,'Bouge',5004,1),(217,'Gembloux',5030,1),(218,'Bothey',5032,1),(219,'Corroy-Le-Château',5032,1),(220,'Isnes',5032,1),(221,'Moignelée',5060,1),(222,'Vitrival',5070,1),(223,'La Bruyère',5080,1),(224,'Naninne',5100,1),(225,'Wierde',5100,1),(226,'Floreffe',5150,1),(227,'Franière',5150,1),(228,'Lesve',5170,1),(229,'Ham-Sur-Sambre',5190,1),(230,'Spy',5190,1),(231,'Thon',5300,1),(232,'Boneffe',5310,1),(233,'Saint-Germain',5310,1),(234,'Waret-La-Chaussée',5310,1),(235,'Goesnes',5353,1),(236,'Schaltin',5364,1),(237,'Verlée',5370,1),(238,'Hingeon',5380,1),(239,'Noville-Les-Bois',5380,1),(240,'Bouvignes-Sur-Meuse',5500,1),(241,'Dinant',5500,1),(242,'Falmignoul',5500,1),(243,'Furfooz',5500,1),(244,'Mont',5530,1),(245,'Hastière',5540,1),(246,'Blaimont',5542,1),(247,'Heer',5543,1),(248,'Agimont',5544,1),(249,'Nafraiture',5550,1),(250,'Bellefontaine',5555,1),(251,'Graide',5555,1),(252,'Houyet',5560,1),(253,'Custinne',5562,1),(254,'Hour',5563,1),(255,'Dion',5570,1),(256,'Wancennes',5570,1),(257,'Louette-Saint-Pierre',5575,1),(258,'Malvoisin',5575,1),(259,'Patignies',5575,1),(260,'Buissonville',5580,1),(261,'Haversin',5590,1),(262,'Serinchamps',5590,1),(263,'Sart-En-Fagne',5600,1),(264,'Villers-Le-Gambon',5600,1),(265,'Flavion',5620,1),(266,'Morville',5620,1),(267,'Hanzinne',5621,1),(268,'Morialmé',5621,1),(269,'Silenrieux',5630,1),(270,'Villers-Deux-Eglises',5630,1),(271,'Furnaux',5641,1),(272,'Castillon',5650,1),(273,'Fraire',5650,1),(274,'Walcourt',5650,1),(275,'Berzée',5651,1),(276,'Rognée',5651,1),(277,'Somzée',5651,1),(278,'Thy-Le-Château',5651,1),(279,'Brûly',5660,1),(280,'Couvin',5660,1),(281,'Cul-Des-Sarts',5660,1),(282,'Frasnes',5660,1),(283,'Gonrieux',5660,1),(284,'Petigny',5660,1),(285,'Nismes',5670,1),(286,'Gimnée',5680,1),(287,'Niverlée',5680,1),(288,'Charleroi',6000,1),(289,'Mont-Sur-Marchienne',6032,1),(290,'Ransart',6043,1),(291,'Cour-Sur-Heure',6120,1),(292,'Fontaine-L\'evêque',6140,1),(293,'Gouy-Lez-Piéton',6181,1),(294,'Souvret',6182,1),(295,'Rèves',6210,1),(296,'Fleurus',6220,1),(297,'Brye',6222,1),(298,'Obaix',6230,1),(299,'Acoz',6280,1),(300,'Loverval',6280,1),(301,'Robechies',6460,1),(302,'Virelles',6461,1),(303,'Grandrieu',6470,1),(304,'Sivry',6470,1),(305,'Barbençon',6500,1),(306,'Thirimont',6500,1),(307,'Lobbes',6540,1),(308,'Merbes-Sainte-Marie',6567,1),(309,'Momignies',6590,1),(310,'Wardin',6600,1),(311,'Hompré',6640,1),(312,'Houffalize',6660,1),(313,'Beho',6672,1),(314,'Cherain',6673,1),(315,'Montleban',6674,1),(316,'Anlier',6721,1),(317,'Signeulx',6750,1),(318,'Bleid',6760,1),(319,'Ethe',6760,1),(320,'Harnoncourt',6767,1),(321,'Lamorteau',6767,1),(322,'Robelmont',6769,1),(323,'Halanzy',6792,1),(324,'Remagne',6800,1),(325,'Florenville',6820,1),(326,'Fontenoille',6820,1),(327,'Muno',6820,1),(328,'Bouillon',6830,1),(329,'Rochehaut',6830,1),(330,'Vivy',6833,1),(331,'Paliseul',6850,1),(332,'Assenois',6860,1),(333,'Ebly',6860,1),(334,'Mirwart',6870,1),(335,'Vesqueville',6870,1),(336,'Anloy',6890,1),(337,'Transinne',6890,1),(338,'Durbuy',6940,1),(339,'Wéris',6940,1),(340,'Bomal-Sur-Ourthe',6941,1),(341,'Izier',6941,1),(342,'Ambly',6953,1),(343,'Ortho',6983,1),(344,'Hampteau',6990,1),(345,'Hotton',6990,1),(346,'Erezée',6997,1),(347,'Havre',7021,1),(348,'Nouvelles',7022,1),(349,'Ciply',7024,1),(350,'Obourg',7034,1),(351,'Blaregnies',7040,1),(352,'Bougnies',7040,1),(353,'Genly',7040,1),(354,'Quévy',7040,1),(355,'Masnuy-Saint-Jean',7050,1),(356,'Casteau',7061,1),(357,'Neufvilles',7063,1),(358,'Gottignies',7070,1),(359,'Ville-Sur-Haine',7070,1),(360,'Braine-Le-Comte',7090,1),(361,'Henripont',7090,1),(362,'Houdeng-Goegnies',7110,1),(363,'Estinnes-Au-Val',7120,1),(364,'Haulchin',7120,1),(365,'Seneffe',7180,1),(366,'Arquennes',7181,1),(367,'Familleureux',7181,1),(368,'Hornu',7301,1),(369,'Saint-Ghislain',7330,1),(370,'Warquignies',7340,1),(371,'Montroeul-Sur-Haine',7350,1),(372,'Thulin',7350,1),(373,'Wihéries',7370,1),(374,'Quiévrain',7380,1),(375,'Audregnies',7382,1),(376,'Erquennes',7387,1),(377,'Honnelles',7387,1),(378,'Orcq',7501,1),(379,'Marquain',7522,1),(380,'Gaurain-Ramecroix',7530,1),(381,'Vaulx',7536,1),(382,'Kain',7540,1),(383,'Péruwelz',7600,1),(384,'Roucourt',7601,1),(385,'Bury',7602,1),(386,'Brunehaut',7620,1),(387,'Maubray',7640,1),(388,'Dottignies',7711,1),(389,'Herseaux',7712,1),(390,'Néchin',7730,1),(391,'Pecq',7740,1),(392,'Mont-De-L\'enclus',7750,1),(393,'Orroir',7750,1),(394,'Velaines',7760,1),(395,'Comines-Warneton',7780,1),(396,'Bas-Warneton',7784,1),(397,'Ormeignies',7802,1),(398,'Ligne',7812,1),(399,'Isières',7822,1),(400,'Bassilly',7830,1),(401,'Silly',7830,1),(402,'Enghien',7850,1),(403,'Grandmetz',7900,1),(404,'Thieulain',7901,1),(405,'Anvaing',7910,1),(406,'Moustier',7911,1),(407,'Cambron-Casteau',7940,1),(408,'Attre',7941,1),(409,'Huissignies',7950,1),(410,'Stambruges',7973,1),(411,'Ruddervoorde',8020,1),(412,'Ramskapelle',8301,1),(413,'Lissewege',8380,1),(414,'Zeebrugge',8380,1),(415,'Vlissegem',8421,1),(416,'Mannekensvere',8433,1),(417,'Snaaskerke',8470,1),(418,'Zevekote',8470,1),(419,'Bekegem',8480,1),(420,'Eernegem',8480,1),(421,'Gullegem',8560,1),(422,'Gijzelbrechtegem',8570,1),(423,'Ingooigem',8570,1),(424,'Waarmaarde',8581,1),(425,'Beerst',8600,1),(426,'Diksmuide',8600,1),(427,'Driekapellen',8600,1),(428,'Esen',8600,1),(429,'Keiem',8600,1),(430,'Lampernisse',8600,1),(431,'Nieuwkapelle',8600,1),(432,'Kortemark',8610,1),(433,'Zarren',8610,1),(434,'Nieuwpoort',8620,1),(435,'Vinkem',8630,1),(436,'Oostvleteren',8640,1),(437,'Westvleteren',8640,1),(438,'Alveringem',8690,1),(439,'Leisele',8691,1),(440,'Beernem',8730,1),(441,'Oedelem',8730,1),(442,'Wingene',8750,1),(443,'Zwevezele',8750,1),(444,'Desselgem',8792,1),(445,'Rumbeke',8800,1),(446,'Gits',8830,1),(447,'Izegem',8870,1),(448,'Ieper',8900,1),(449,'Boezinge',8904,1),(450,'Zuidschote',8904,1),(451,'Langemark-Poelkapelle',8920,1),(452,'Lauwe',8930,1),(453,'Nieuwkerke',8950,1),(454,'Wijtschate',8953,1),(455,'Loker',8958,1),(456,'Geluveld',8980,1),(457,'Oostakker',9041,1),(458,'Mendonk',9042,1),(459,'Heusden',9070,1),(460,'Sint-Niklaas',9100,1),(461,'Vrasene',9120,1),(462,'Doel',9130,1),(463,'Elversele',9140,1),(464,'Meerdonk',9170,1),(465,'Sint-Pauwels',9170,1),(466,'Moerbeke-Waas',9180,1),(467,'Appels',9200,1),(468,'Oudegem',9200,1),(469,'Zele',9240,1),(470,'Waasmunster',9250,1),(471,'Buggenhout',9255,1),(472,'Schellebelle',9260,1),(473,'Lebbeke',9280,1),(474,'Uitbergen',9290,1),(475,'Impe',9340,1),(476,'Nederhasselt',9400,1),(477,'Erondegem',9420,1),(478,'Kerksken',9451,1),(479,'Denderleeuw',9470,1),(480,'Welle',9473,1),(481,'Goeferdinge',9500,1),(482,'Ophasselt',9500,1),(483,'Viane',9500,1),(484,'Smeerebbe-Vloerzegem',9506,1),(485,'Vlierzele',9520,1),(486,'Strijpen',9620,1),(487,'Velzeke-Ruddershove',9620,1),(488,'Roborst',9630,1),(489,'Sint-Blasius-Boekel',9630,1),(490,'Sint-Maria-Latem',9630,1),(491,'Everbeek',9660,1),(492,'Opbrakel',9660,1),(493,'Parike',9661,1),(494,'Kwaremont',9690,1),(495,'Zulzeke',9690,1),(496,'Ooike',9700,1),(497,'Volkegem',9700,1),(498,'Ouwegem',9750,1),(499,'Nokere',9771,1),(500,'Elsegem',9790,1),(501,'Astene',9800,1),(502,'Sint-Martens-Leerne',9800,1),(503,'Vinkt',9800,1),(504,'Nazareth',9810,1),(505,'Lemberge',9820,1),(506,'Merelbeke',9820,1),(507,'Schelderode',9820,1),(508,'Hansbeke',9850,1),(509,'Nevele',9850,1),(510,'Vosselare',9850,1),(511,'Baaigem',9890,1),(512,'Knesselare',9910,1),(513,'Kluizen',9940,1),(514,'Waarschoot',9950,1),(515,'Waterland-Oudeman',9988,1),(516,'Adegem',9991,1),(517,'Middelburg',9992,1),(518,'Jette',1090,1),(519,'Auderghem',1160,1),(520,'Wavre',1300,1),(521,'Glimes',1315,1),(522,'Opprebais',1315,1),(523,'Chaumont-Gistoux',1325,1),(524,'Rosières',1331,1),(525,'Noduwez',1350,1),(526,'Orp-Jauche',1350,1),(527,'Opheylissem',1357,1),(528,'Thorembais-Les-Béguines',1360,1),(529,'Thorembais-Saint-Trond',1360,1),(530,'Autre-Eglise',1367,1),(531,'Huppaye',1367,1),(532,'Dongelberg',1370,1),(533,'Jauchelette',1370,1),(534,'Saint-Jean-Geest',1370,1),(535,'Grez-Doiceau',1390,1),(536,'Nivelles',1400,1),(537,'Thines',1402,1),(538,'Rebecq-Rognon',1430,1),(539,'Wauthier-Braine',1440,1),(540,'Loupoigne',1471,1),(541,'Glabais',1473,1),(542,'Oisquercq',1480,1),(543,'Tubize',1480,1),(544,'Marbais',1495,1),(545,'Villers-La-Ville',1495,1),(546,'Lembeek',1502,1),(547,'Herne',1540,1),(548,'Hoeilaart',1560,1),(549,'Oudenaken',1600,1),(550,'Ruisbroek',1601,1),(551,'Drogenbos',1620,1),(552,'Alsemberg',1652,1),(553,'Bogaarden',1670,1),(554,'Pepingen',1670,1),(555,'Itterbeek',1701,1),(556,'Bekkerzeel',1730,1),(557,'Kobbegem',1730,1),(558,'Mollem',1730,1),(559,'Wambeek',1741,1),(560,'Gooik',1755,1),(561,'Pamel',1760,1),(562,'Liedekerke',1770,1),(563,'Peutie',1800,1),(564,'Malderen',1840,1),(565,'Kapelle-Op-Den-Bos',1880,1),(566,'Nieuwenrode',1880,1),(567,'Kraainem',1950,1),(568,'Wezembeek-Oppem',1970,1),(569,'Eppegem',1980,1),(570,'Hofstade',1981,1),(571,'Antwerpen',2000,1),(572,'Antwerpen',2018,1),(573,'Lillo',2040,1),(574,'Zandvliet',2040,1),(575,'Morkhoven',2200,1),(576,'Noorderwijk',2200,1),(577,'Zandhoven',2240,1),(578,'Westerlo',2260,1),(579,'Gierle',2275,1),(580,'Minderhout',2322,1),(581,'Wortel',2323,1),(582,'Merksplas',2330,1),(583,'Beerse',2340,1),(584,'Vosselaar',2350,1),(585,'Weelde',2381,1),(586,'Baarle-Hertog',2387,1),(587,'Mol',2400,1),(588,'Eindhout',2430,1),(589,'Geel',2440,1),(590,'Kasterlee',2460,1),(591,'Lichtaart',2460,1),(592,'Lier',2500,1),(593,'Kontich',2550,1),(594,'Wilrijk',2610,1),(595,'Edegem',2650,1),(596,'Hoboken',2660,1),(597,'Hombeek',2811,1),(598,'Muizen',2812,1),(599,'Puurs',2870,1),(600,'Weert',2880,1),(601,'Hoevenen',2940,1),(602,'Stabroek',2940,1),(603,'Kapellen',2950,1),(604,'Sint-Job-In-\'t-Goor',2960,1),(605,'\'s Gravenwezel',2970,1),(606,'Schilde',2970,1),(607,'Halle',2980,1),(608,'Blanden',3052,1),(609,'Korbeek-Dijle',3060,1),(610,'Rotselaar',3110,1),(611,'Wezemaal',3111,1),(612,'Tremelo',3120,1),(613,'Tildonk',3150,1),(614,'Hever',3191,1),(615,'Pellenberg',3212,1),(616,'Scherpenheuvel-Zichem',3270,1),(617,'Messelbroek',3272,1),(618,'Diest',3290,1),(619,'Schaffen',3290,1),(620,'Webbekom',3290,1),(621,'Kumtich',3300,1),(622,'Oplinter',3300,1),(623,'Hoegaarden',3320,1),(624,'Lovenjoel',3360,1),(625,'Vertrijk',3370,1),(626,'Glabbeek',3380,1),(627,'Attenrode',3384,1),(628,'Houwaart',3390,1),(629,'Meensel-Kiezegem',3391,1),(630,'Walsbets',3401,1),(631,'Attenhoven',3404,1),(632,'Zoutleeuw',3440,1),(633,'Grazen',3450,1),(634,'Rummen',3454,1),(635,'Kortenaken',3470,1),(636,'Kuringen',3511,1),(637,'Helchteren',3530,1),(638,'Linkhout',3560,1),(639,'Alken',3570,1),(640,'Kinrooi',3640,1),(641,'Rotem',3650,1),(642,'Meeuwen',3670,1),(643,'Opoeteren',3680,1),(644,'\'s Herenelderen',3700,1),(645,'Rutten',3700,1),(646,'Herstappe',3717,1),(647,'Grote-Spouwen',3740,1),(648,'Mopertingen',3740,1),(649,'Rosmeer',3740,1),(650,'Riemst',3770,1),(651,'Groot-Gelmen',3800,1),(652,'Kerkom-Bij-Sint-Truiden',3800,1),(653,'Duras',3803,1),(654,'Wilderen',3803,1),(655,'Herten',3831,1),(656,'Ulbeek',3832,1),(657,'Rijkel',3840,1),(658,'Voort',3840,1),(659,'Batsheers',3870,1),(660,'Horpmaal',3870,1),(661,'Mechelen-Bovelingen',3870,1),(662,'Kortijs',3890,1),(663,'Borlo',3891,1),(664,'Buvingen',3891,1),(665,'Mielen-Boven-Aalst',3891,1),(666,'Achel',3930,1),(667,'Hechtel-Eksel',3940,1),(668,'Eksel',3941,1),(669,'Kwaadmechelen',3945,1),(670,'Leopoldsburg',3970,1),(671,'Tessenderlo',3980,1),(672,'Peer',3990,1),(673,'Glain',4000,1),(674,'Jupille-Sur-Meuse',4020,1),(675,'Wandre',4020,1),(676,'Angleur',4031,1),(677,'Plainevaux',4122,1),(678,'Dolembreux',4140,1),(679,'Gomzé-Andoumont',4140,1),(680,'Louveigné',4141,1),(681,'My',4190,1),(682,'Xhoris',4190,1),(683,'Marneffe',4210,1),(684,'Héron',4217,1),(685,'Lavoir',4217,1),(686,'Waret-L\'evêque',4217,1),(687,'Couthuin',4218,1),(688,'Acosse',4219,1),(689,'Boëlhe',4250,1),(690,'Geer',4250,1),(691,'Hollogne-Sur-Geer',4250,1),(692,'Lens-Saint-Servais',4250,1),(693,'Berloz',4257,1),(694,'Avennes',4260,1),(695,'Braives',4260,1),(696,'Ville-En-Hesbaye',4260,1),(697,'Avin',4280,1),(698,'Crehen',4280,1),(699,'Trognée',4280,1),(700,'Villers-Le-Peuplier',4280,1),(701,'Pellaines',4287,1),(702,'Lantremange',4300,1),(703,'Aineffe',4317,1),(704,'Borlez',4317,1),(705,'Villers-L\'evêque',4340,1),(706,'Freloux',4347,1),(707,'Noville',4347,1),(708,'Pousset',4350,1),(709,'Limont',4357,1),(710,'Lens-Sur-Geer',4360,1),(711,'Otrange',4360,1),(712,'Crisnée',4367,1),(713,'Kemexhe',4367,1),(714,'Flémalle-Grande',4400,1),(715,'Montegnée',4420,1),(716,'Xhendremael',4432,1),(717,'Voroux-Lez-Liers',4451,1),(718,'Paifve',4452,1),(719,'Wihogne',4452,1),(720,'Velroux',4460,1),(721,'Clermont-Sous-Huy',4480,1),(722,'Engis',4480,1),(723,'Tihange',4500,1),(724,'Bas-Oha',4520,1),(725,'Warnant-Dreye',4530,1),(726,'Saint-Séverin',4550,1),(727,'Tinlot',4557,1),(728,'Les Avins',4560,1),(729,'Ocquier',4560,1),(730,'Marchin',4570,1),(731,'Vyle-Et-Tharoul',4570,1),(732,'Modave',4577,1),(733,'Richelle',4600,1),(734,'Feneur',4607,1),(735,'Bellaire',4610,1),(736,'Beyne-Heusay',4610,1),(737,'Soumagne',4630,1),(738,'Tignée',4630,1),(739,'Herve',4650,1),(740,'Trembleur',4670,1),(741,'Saint-Remy',4672,1),(742,'Hermée',4680,1),(743,'Haccourt',4684,1),(744,'Glons',4690,1),(745,'Roclenge-Sur-Geer',4690,1),(746,'Kettenis',4701,1),(747,'La Calamine',4720,1),(748,'Hergenrath',4728,1),(749,'Hauset',4730,1),(750,'Heppenbach',4771,1),(751,'Crombach',4784,1),(752,'Reuland',4790,1),(753,'Thommen',4791,1),(754,'Lambermont',4800,1),(755,'Stembert',4801,1),(756,'Dison',4820,1),(757,'Bilstain',4831,1),(758,'Baelen',4837,1),(759,'Membach',4837,1),(760,'Cornesse',4860,1),(761,'Forêt',4870,1),(762,'Spa',4900,1),(763,'Faymonville',4950,1),(764,'Robertville',4950,1),(765,'Fosse',4980,1),(766,'Lorcé',4987,1),(767,'Belgrade',5001,1),(768,'Daussoulx',5020,1),(769,'Vedrin',5020,1),(770,'Boninne',5021,1),(771,'Marche-Les-Dames',5024,1),(772,'Ernage',5030,1),(773,'Sauvenière',5030,1),(774,'Grand-Leez',5031,1),(775,'Bossière',5032,1),(776,'Tamines',5060,1),(777,'Warisoulx',5080,1),(778,'Meux',5081,1),(779,'Wépion',5100,1),(780,'Bois-De-Villers',5170,1),(781,'Balâtre',5190,1),(782,'Saint-Martin',5190,1),(783,'Sclayn',5300,1),(784,'Aische-En-Refail',5310,1),(785,'Eghezée',5310,1),(786,'Longchamps',5310,1),(787,'Taviers',5310,1),(788,'Sart-Bernard',5330,1),(789,'Crupet',5332,1),(790,'Florée',5334,1),(791,'Scy',5361,1),(792,'Emptinne',5363,1),(793,'Nettinne',5377,1),(794,'Bierwart',5380,1),(795,'Dréhance',5500,1),(796,'Thynes',5502,1),(797,'Foy-Notre-Dame',5504,1),(798,'Onhaye',5520,1),(799,'Serville',5521,1),(800,'Weillen',5523,1),(801,'Yvoir',5530,1),(802,'Mouzaive',5550,1),(803,'Monceau-En-Ardenne',5555,1),(804,'Naomé',5555,1),(805,'Celles',5561,1),(806,'Felenne',5570,1),(807,'Feschaux',5570,1),(808,'Louette-Saint-Denis',5575,1),(809,'Ave-Et-Auffe',5580,1),(810,'Eprave',5580,1),(811,'Lessive',5580,1),(812,'Braibant',5590,1),(813,'Ciney',5590,1),(814,'Conneux',5590,1),(815,'Sovet',5590,1),(816,'Jamagne',5600,1),(817,'Neuville',5600,1),(818,'Omezée',5600,1),(819,'Philippeville',5600,1),(820,'Sautour',5600,1),(821,'Villers-En-Fagne',5600,1),(822,'Florennes',5620,1),(823,'Hemptinne-Lez-Florennes',5620,1),(824,'Saint-Aubin',5620,1),(825,'Cerfontaine',5630,1),(826,'Soumoy',5630,1),(827,'Biesmerée',5640,1),(828,'Graux',5640,1),(829,'Oret',5640,1),(830,'Aublain',5660,1),(831,'Pesche',5660,1),(832,'Dourbes',5670,1),(833,'Mazée',5670,1),(834,'Oignies-En-Thiérache',5670,1),(835,'Olloy-Sur-Viroin',5670,1),(836,'Dampremy',6020,1),(837,'Gosselies',6041,1),(838,'Ham-Sur-Heure',6120,1),(839,'Leernes',6142,1),(840,'Courcelles',6180,1),(841,'Châtelineau',6200,1),(842,'Wangenies',6220,1),(843,'Wagnelée',6223,1),(844,'Wanfercée-Baulet',6224,1),(845,'Aiseau-Presles',6250,1),(846,'Pont-De-Loup',6250,1),(847,'Gerpinnes',6280,1),(848,'Gougnies',6280,1),(849,'Joncret',6280,1),(850,'Villers-Poterie',6280,1),(851,'Erpion',6441,1),(852,'Bailièvre',6460,1),(853,'Villers-La-Tour',6460,1),(854,'Forges',6464,1),(855,'Leugnies',6500,1),(856,'Thuin',6530,1),(857,'Biercée',6533,1),(858,'Gozée',6534,1),(859,'Bersillies-L\'abbaye',6560,1),(860,'Hantes-Wihéries',6560,1),(861,'Montignies-Saint-Christophe',6560,1),(862,'Fontaine-Valmont',6567,1),(863,'Macon',6591,1),(864,'Macquenoise',6593,1),(865,'Beauwelz',6594,1),(866,'Bastogne',6600,1),(867,'Martelange',6630,1),(868,'Fauvillers',6637,1),(869,'Hollange',6637,1),(870,'Tintange',6637,1),(871,'Nives',6640,1),(872,'Sibret',6640,1),(873,'Mont',6661,1),(874,'Tavigny',6662,1),(875,'Wibrin',6666,1),(876,'Bovigny',6671,1),(877,'Sainte-Ode',6680,1),(878,'Vielsalm',6690,1),(879,'Heinsch',6700,1),(880,'Attert',6717,1),(881,'Nothomb',6717,1),(882,'Thiaumont',6717,1),(883,'Habay',6720,1),(884,'Habay-La-Neuve',6720,1),(885,'Houdemont',6724,1),(886,'Etalle',6740,1),(887,'Sainte-Marie-Sur-Semois',6740,1),(888,'Buzenol',6743,1),(889,'Saint-Léger',6747,1),(890,'Gérouville',6769,1),(891,'Villers-La-Loue',6769,1),(892,'Aubange',6790,1),(893,'Rachecourt',6792,1),(894,'Saint-Pierre',6800,1),(895,'Chiny',6810,1),(896,'Suxy',6812,1),(897,'Chassepierre',6824,1),(898,'Sensenruth',6832,1),(899,'Grandvoir',6840,1),(900,'Offagne',6850,1),(901,'Opont',6852,1),(902,'Léglise',6860,1),(903,'Villance',6890,1),(904,'Marche-En-Famenne',6900,1),(905,'Roy',6900,1),(906,'Bure',6927,1),(907,'Grupont',6927,1),(908,'Daverdisse',6929,1),(909,'Bande',6951,1),(910,'Harre',6960,1),(911,'Odeigne',6960,1),(912,'La Roche-En-Ardenne',6980,1),(913,'Beffe',6987,1),(914,'Hodister',6987,1),(915,'Marcourt',6987,1),(916,'Marenne',6990,1),(917,'Soy',6997,1),(918,'Ghlin',7011,1),(919,'Jemappes',7012,1),(920,'Maisières',7020,1),(921,'Mesvin',7022,1),(922,'Villers-Saint-Ghislain',7031,1),(923,'Cuesmes',7033,1),(924,'Trivières',7100,1),(925,'Maurage',7110,1),(926,'Peissant',7120,1),(927,'Rouveroy',7120,1),(928,'Péronnes-Lez-Binche',7134,1),(929,'Carnières',7141,1),(930,'Chapelle-Lez-Herlaimont',7160,1),(931,'Piéton',7160,1),(932,'Bellecourt',7170,1),(933,'Ecaussinnes',7190,1),(934,'Ecaussinnes-Lalaing',7191,1),(935,'Pommeroeul',7322,1),(936,'Colfontaine',7340,1),(937,'Dour',7370,1),(938,'Baisieux',7380,1),(939,'Angreau',7387,1),(940,'Fayt-Le-Franc',7387,1),(941,'Willemeau',7506,1),(942,'Barry',7534,1),(943,'Wasmes-Audemez-Briffoeil',7604,1),(944,'Hollain',7620,1),(945,'Wez-Velvain',7620,1),(946,'Laplaigne',7622,1),(947,'Rongy',7623,1),(948,'Bailleul',7730,1),(949,'Hérinnes-Lez-Pecq',7742,1),(950,'Molenbaix',7760,1),(951,'Pottes',7760,1),(952,'Houthem',7781,1),(953,'Ath',7800,1),(954,'Lanquesaint',7800,1),(955,'Houtaing',7812,1),(956,'Gondregnies',7830,1),(957,'Graty',7830,1),(958,'Papignies',7861,1),(959,'Ghoy',7863,1),(960,'Deux-Acren',7864,1),(961,'Lombise',7870,1),(962,'Montignies-Lez-Lens',7870,1),(963,'Wodecq',7890,1),(964,'Leuze-En-Hainaut',7900,1),(965,'Chapelle-À-Wattines',7903,1),(966,'Pipaix',7904,1),(967,'Tourpes',7904,1),(968,'Willaupuis',7904,1),(969,'Forest',7910,1),(970,'Frasnes-Lez-Anvaing',7910,1),(971,'Frasnes-Lez-Buissenal',7911,1),(972,'Hacquegnies',7911,1),(973,'Dergneau',7912,1),(974,'Saint-Sauveur',7912,1),(975,'Brugelette',7940,1),(976,'Thumaide',7971,1),(977,'Brugge',8000,1),(978,'Hertsberge',8020,1),(979,'Waardamme',8020,1),(980,'Loppem',8210,1),(981,'Veldegem',8210,1),(982,'Aartrijke',8211,1),(983,'Knokke',8300,1),(984,'Westkapelle',8300,1),(985,'Assebroek',8310,1),(986,'Sint-Kruis',8310,1),(987,'Hoeke',8340,1),(988,'Blankenberge',8370,1),(989,'Uitkerke',8370,1),(990,'Dudzele',8380,1),(991,'Middelkerke',8430,1),(992,'Wilskerke',8431,1),(993,'Lombardsijde',8434,1),(994,'Roksem',8460,1),(995,'Moere',8470,1),(996,'Jabbeke',8490,1),(997,'Stalhille',8490,1),(998,'Heule',8501,1),(999,'Marke',8510,1),(1000,'Kuurne',8520,1),(1001,'Vichte',8570,1),(1002,'Kaster',8572,1),(1003,'Avelgem',8580,1),(1004,'Outrijve',8582,1),(1005,'Oostkerke',8600,1),(1006,'Vladslo',8600,1),(1007,'Vleteren',8640,1),(1008,'Pollinkhove',8647,1),(1009,'Merkem',8650,1),(1010,'Adinkerke',8660,1),(1011,'Zande',8680,1),(1012,'Stavele',8691,1),(1013,'Kanegem',8700,1),(1014,'Dentergem',8720,1),(1015,'Pittem',8740,1),(1016,'Meulebeke',8760,1),(1017,'Beveren',8800,1),(1018,'Lichtervelde',8810,1),(1019,'Hooglede',8830,1),(1020,'Westrozebeke',8840,1),(1021,'Dadizele',8890,1),(1022,'Hollebeke',8902,1),(1023,'Vlamertinge',8908,1),(1024,'Langemark',8920,1),(1025,'Krombeke',8972,1),(1026,'Proven',8972,1),(1027,'Zandvoorde',8980,1),(1028,'Sint-Amandsberg',9040,1),(1029,'Gentbrugge',9050,1),(1030,'Afsnee',9051,1),(1031,'Sint-Denijs-Westrem',9051,1),(1032,'Zwijnaarde',9052,1),(1033,'Zelzate',9060,1),(1034,'Gontrode',9090,1),(1035,'Nieuwkerken-Waas',9100,1),(1036,'Steendorp',9140,1),(1037,'Eksaarde',9160,1),(1038,'Wachtebeke',9185,1),(1039,'Sint-Gillis-Dendermonde',9200,1),(1040,'Hofstade',9308,1),(1041,'Baardegem',9310,1),(1042,'Appelterre-Eichem',9400,1),(1043,'Ninove',9400,1),(1044,'Okegem',9400,1),(1045,'Aaigem',9420,1),(1046,'Erpe-Mere',9420,1),(1047,'Denderhoutem',9450,1),(1048,'Waarbeke',9506,1),(1049,'Zonnegem',9520,1),(1050,'Sint-Antelinks',9550,1),(1051,'Sint-Lievens-Esse',9550,1),(1052,'Ressegem',9551,1),(1053,'Erwetegem',9620,1),(1054,'Godveerdegem',9620,1),(1055,'Meilegem',9630,1),(1056,'Munkzwalm',9630,1),(1057,'Paulatem',9630,1),(1058,'Nederzwalm-Hermelgem',9636,1),(1059,'Brakel',9660,1),(1060,'Horebeke',9667,1),(1061,'Sint-Kornelis-Horebeke',9667,1),(1062,'Etikhove',9680,1),(1063,'Maarkedal',9680,1),(1064,'Nukerke',9681,1),(1065,'Eine',9700,1),(1066,'Leupegem',9700,1),(1067,'Mater',9700,1),(1068,'Mullem',9700,1),(1069,'Oudenaarde',9700,1),(1070,'Wannegem-Lede',9772,1),(1071,'Ooike',9790,1),(1072,'Petegem-Aan-De-Schelde',9790,1),(1073,'Wortegem-Petegem',9790,1),(1074,'Bachte-Maria-Leerne',9800,1),(1075,'Grammene',9800,1),(1076,'Petegem-Aan-De-Leie',9800,1),(1077,'Eke',9810,1),(1078,'Bottelare',9820,1),(1079,'De Pinte',9840,1),(1080,'Oosterzele',9860,1),(1081,'Lotenhulle',9880,1),(1082,'Boekhoute',9961,1),(1083,'Maldegem',9990,1),(1084,'Schaerbeek',1030,1),(1085,'Woluwe-Saint-Pierre',1150,1),(1086,'Saint-Josse-Ten-Noode',1210,1),(1087,'Limal',1300,1),(1088,'Incourt',1315,1),(1089,'Piètrebais',1315,1),(1090,'Roux-Miroir',1315,1),(1091,'Bonlez',1325,1),(1092,'Corroy-Le-Grand',1325,1),(1093,'Ottignies-Louvain-La-Neuve',1340,1),(1094,'Folx-Les-Caves',1350,1),(1095,'Neerheylissem',1357,1),(1096,'Perwez',1360,1),(1097,'Jodoigne',1370,1),(1098,'Biez',1390,1),(1099,'Baulers',1401,1),(1100,'Ophain-Bois-Seigneur-Isaac',1421,1),(1101,'Bierghes',1430,1),(1102,'Chastre',1450,1),(1103,'Chastre-Villeroux-Blanmont',1450,1),(1104,'Saint-Géry',1450,1),(1105,'Nil-Saint-Vincent-Saint-Martin',1457,1),(1106,'Tourinnes-Saint-Lambert',1457,1),(1107,'Haut-Ittre',1461,1),(1108,'Baisy-Thy',1470,1),(1109,'Ways',1474,1),(1110,'Buizingen',1501,1),(1111,'Biévène',1547,1),(1112,'Linkebeek',1630,1),(1113,'Rhode-Saint-Genèse',1640,1),(1114,'Sint-Ulriks-Kapelle',1700,1),(1115,'Groot-Bijgaarden',1702,1),(1116,'Relegem',1731,1),(1117,'Zellik',1731,1),(1118,'Ternat',1740,1),(1119,'Gaasbeek',1750,1),(1120,'Lennik',1750,1),(1121,'Wemmel',1780,1),(1122,'Hamme',1785,1),(1123,'Affligem',1790,1),(1124,'Essene',1790,1),(1125,'Teralfene',1790,1),(1126,'Perk',1820,1),(1127,'Meise',1860,1),(1128,'Berg',1910,1),(1129,'Buken',1910,1),(1130,'Nederokkerzeel',1910,1),(1131,'Zaventem',1930,1),(1132,'Sint-Stevens-Woluwe',1932,1),(1133,'Antwerpen',2020,1),(1134,'Antwerpen',2030,1),(1135,'Deurne',2100,1),(1136,'Hallaar',2220,1),(1137,'Heist-Op-Den-Berg',2220,1),(1138,'Wiekevorst',2222,1),(1139,'Ramsel',2230,1),(1140,'Houtvenne',2235,1),(1141,'Zoerle-Parwijs',2260,1),(1142,'Grobbendonk',2280,1),(1143,'Vorselaar',2290,1),(1144,'Turnhout',2300,1),(1145,'Oud-Turnhout',2360,1),(1146,'Ravels',2380,1),(1147,'Poppel',2382,1),(1148,'Veerle',2431,1),(1149,'Balen',2490,1),(1150,'Broechem',2520,1),(1151,'Bevel',2560,1),(1152,'Duffel',2570,1),(1153,'Walem',2800,1),(1154,'Leest',2811,1),(1155,'Rijmenam',2820,1),(1156,'Tisselt',2830,1),(1157,'Willebroek',2830,1),(1158,'Ruisbroek',2870,1),(1159,'Lippelo',2890,1),(1160,'Brecht',2960,1),(1161,'Wuustwezel',2990,1),(1162,'Herent',3020,1),(1163,'Veltem-Beisem',3020,1),(1164,'Huldenberg',3040,1),(1165,'Sint-Joris-Weert',3051,1),(1166,'Haasrode',3053,1),(1167,'Bertem',3060,1),(1168,'Tervuren',3080,1),(1169,'Vossem',3080,1),(1170,'Keerbergen',3140,1),(1171,'Haacht',3150,1),(1172,'Lubbeek',3210,1),(1173,'Binkom',3211,1),(1174,'Kortrijk-Dutsel',3220,1),(1175,'Sint-Pieters-Rode',3220,1),(1176,'Testelt',3272,1),(1177,'Hakendover',3300,1),(1178,'Oorbeek',3300,1),(1179,'Tienen',3300,1),(1180,'Vissenaken',3300,1),(1181,'Drieslinter',3350,1),(1182,'Melkwezer',3350,1),(1183,'Overhespen',3350,1),(1184,'Roosbeek',3370,1),(1185,'Overwinden',3400,1),(1186,'Walshoutem',3401,1),(1187,'Wezeren',3401,1),(1188,'Dormaal',3440,1),(1189,'Geetbets',3450,1),(1190,'Molenbeek-Wersbeek',3461,1),(1191,'Sint-Margriete-Houtem',3470,1),(1192,'Hoeleden',3471,1),(1193,'Waanrode',3473,1),(1194,'Sint-Lambrechts-Herk',3500,1),(1195,'Stokrooie',3511,1),(1196,'Houthalen-Helchteren',3530,1),(1197,'Berbroek',3540,1),(1198,'Herk-De-Stad',3540,1),(1199,'Halen',3545,1),(1200,'Heusden',3550,1),(1201,'Heusden-Zolder',3550,1),(1202,'Lummen',3560,1),(1203,'Beverlo',3581,1),(1204,'Paal',3583,1),(1205,'Diepenbeek',3590,1),(1206,'Veldwezelt',3620,1),(1207,'Mechelen-Aan-De-Maas',3630,1),(1208,'Opgrimbie',3630,1),(1209,'Uikhoven',3631,1),(1210,'Kessenich',3640,1),(1211,'Dilsen',3650,1),(1212,'Gruitrode',3670,1),(1213,'Meeuwen-Gruitrode',3670,1),(1214,'Neerglabbeek',3670,1),(1215,'Diets-Heur',3700,1),(1216,'Neerrepen',3700,1),(1217,'Overrepen',3700,1),(1218,'Tongeren',3700,1),(1219,'Vreren',3700,1),(1220,'Guigoven',3723,1),(1221,'Hoeselt',3730,1),(1222,'Romershoven',3730,1),(1223,'Werm',3730,1),(1224,'Munsterbilzen',3740,1),(1225,'Martenslinde',3742,1),(1226,'Hoelbeek',3746,1),(1227,'Fourons',3790,1),(1228,'Fouron-Le-Comte',3798,1),(1229,'Brustem',3800,1),(1230,'Zepperen',3800,1),(1231,'Velm',3806,1),(1232,'Wellen',3830,1),(1233,'Bommershoven',3840,1),(1234,'Borgloon',3840,1),(1235,'Jesseren',3840,1),(1236,'Kerniel',3840,1),(1237,'Kolmont',3840,1),(1238,'Nieuwerkerken',3850,1),(1239,'Mettekoven',3870,1),(1240,'Opheers',3870,1),(1241,'Vorsen',3890,1),(1242,'Overpelt',3900,1),(1243,'Ham',3945,1),(1244,'Beek',3960,1),(1245,'Bree',3960,1),(1246,'Grote-Brogel',3990,1),(1247,'Wijchmaal',3990,1),(1248,'Bressoux',4020,1),(1249,'Herstal',4040,1),(1250,'Vottem',4041,1),(1251,'Vaux-Sous-Chèvremont',4051,1),(1252,'Embourg',4053,1),(1253,'Ehein',4120,1),(1254,'Rotheux-Rimière',4120,1),(1255,'Hannêche',4210,1),(1256,'Ambresin',4219,1),(1257,'Omal',4252,1),(1258,'Fallais',4260,1),(1259,'Fumal',4260,1),(1260,'Moxhe',4280,1),(1261,'Petit-Hallet',4280,1),(1262,'Thisnes',4280,1),(1263,'Lincent',4287,1),(1264,'Bettincourt',4300,1),(1265,'Bleret',4300,1),(1266,'Waremme',4300,1),(1267,'Celles',4317,1),(1268,'Faimes',4317,1),(1269,'Les Waleffes',4317,1),(1270,'Awans',4340,1),(1271,'Hognoul',4342,1),(1272,'Jeneffe',4357,1),(1273,'Thys',4367,1),(1274,'Villers-Saint-Siméon',4453,1),(1275,'Bierset',4460,1),(1276,'Hollogne-Aux-Pierres',4460,1),(1277,'Saint-Georges-Sur-Meuse',4470,1),(1278,'Hermalle-Sous-Huy',4480,1),(1279,'Ben-Ahin',4500,1),(1280,'Huy',4500,1),(1281,'Vinalmont',4520,1),(1282,'Vaux-Et-Borset',4530,1),(1283,'Amay',4540,1),(1284,'Ombret',4540,1),(1285,'Soheit-Tinlot',4557,1),(1286,'Terwagne',4560,1),(1287,'Outrelouxhe',4577,1),(1288,'Strée-Lez-Huy',4577,1),(1289,'Ellemelle',4590,1),(1290,'Warzée',4590,1),(1291,'Lixhe',4600,1),(1292,'Mortroux',4607,1),(1293,'Queue-Du-Bois',4610,1),(1294,'Fléron',4620,1),(1295,'Ayeneux',4630,1),(1296,'Evegnée',4631,1),(1297,'Charneux',4654,1),(1298,'Mortier',4670,1),(1299,'Housse',4671,1),(1300,'Oupeye',4680,1),(1301,'Heusy',4802,1),(1302,'Limbourg',4830,1),(1303,'Goé',4834,1),(1304,'Sart-Lez-Spa',4845,1),(1305,'Plombières',4850,1),(1306,'Sippenaeken',4851,1),(1307,'Hombourg',4852,1),(1308,'Fraipont',4870,1),(1309,'Trooz',4870,1),(1310,'Thimister',4890,1),(1311,'Aywaille',4920,1),(1312,'Ernonheid',4920,1),(1313,'Waimes',4950,1),(1314,'Malmedy',4960,1),(1315,'Trois-Ponts',4980,1),(1316,'Chevron',4987,1),(1317,'Bra',4990,1),(1318,'Beez',5000,1),(1319,'Saint-Servais',5002,1),(1320,'Champion',5020,1),(1321,'Suarlée',5020,1),(1322,'Temploux',5020,1),(1323,'Cognelée',5022,1),(1324,'Beuzet',5030,1),(1325,'Grand-Manil',5030,1),(1326,'Auvelais',5060,1),(1327,'Velaine-Sur-Sambre',5060,1),(1328,'Fosses-La-Ville',5070,1),(1329,'Sart-Eustache',5070,1),(1330,'Villers-Lez-Heest',5080,1),(1331,'Erpent',5101,1),(1332,'Loyers',5101,1),(1333,'Boignée',5140,1),(1334,'Lustin',5170,1),(1335,'Profondeville',5170,1),(1336,'Mornimont',5190,1),(1337,'Landenne',5300,1),(1338,'Branchon',5310,1),(1339,'Hanret',5310,1),(1340,'Leuze',5310,1),(1341,'Noville-Sur-Méhaigne',5310,1),(1342,'Sorinne-La-Longue',5333,1),(1343,'Faulx-Les-Tombes',5340,1),(1344,'Mozet',5340,1),(1345,'Evelette',5350,1),(1346,'Haillot',5351,1),(1347,'Natoye',5360,1),(1348,'Achet',5362,1),(1349,'Flostoy',5370,1),(1350,'Maffe',5374,1),(1351,'Bonsin',5377,1),(1352,'Heure',5377,1),(1353,'Hogne',5377,1),(1354,'Noiseux',5377,1),(1355,'Fernelmont',5380,1),(1356,'Forville',5380,1),(1357,'Marchovelette',5380,1),(1358,'Anthée',5520,1),(1359,'Sommière',5523,1),(1360,'Dorinne',5530,1),(1361,'Evrehailles',5530,1),(1362,'Anhée',5537,1),(1363,'Hermeton-Sur-Meuse',5540,1),(1364,'Alle',5550,1),(1365,'Bohan',5550,1),(1366,'Laforet',5550,1),(1367,'Sugny',5550,1),(1368,'Gros-Fays',5555,1),(1369,'Petit-Fays',5555,1),(1370,'Mesnil-Eglise',5560,1),(1371,'Baronville',5570,1),(1372,'Beauraing',5570,1),(1373,'Vonêche',5570,1),(1374,'Winenne',5570,1),(1375,'Pondrôme',5574,1),(1376,'Bourseigne-Neuve',5575,1),(1377,'Houdremont',5575,1),(1378,'Rienne',5575,1),(1379,'Willerzie',5575,1),(1380,'Han-Sur-Lesse',5580,1),(1381,'Jemelle',5580,1),(1382,'Rochefort',5580,1),(1383,'Wavreille',5580,1),(1384,'Fagnolle',5600,1),(1385,'Jamiolle',5600,1),(1386,'Romedenne',5600,1),(1387,'Corenne',5620,1),(1388,'Hanzinelle',5621,1),(1389,'Ermeton-Sur-Biert',5644,1),(1390,'Chastrès',5650,1),(1391,'Clermont',5650,1),(1392,'Pry',5650,1),(1393,'Laneffe',5651,1),(1394,'Brûly-De-Pesche',5660,1),(1395,'Petite-Chapelle',5660,1),(1396,'Le Mesnil',5670,1),(1397,'Gochenée',5680,1),(1398,'Matagne-La-Grande',5680,1),(1399,'Vodelée',5680,1),(1400,'Marchienne-Au-Pont',6030,1),(1401,'Jumet',6040,1),(1402,'Lodelinsart',6042,1),(1403,'Roux',6044,1),(1404,'Gilly',6060,1),(1405,'Landelies',6111,1),(1406,'Jamioulx',6120,1),(1407,'Bouffioulx',6200,1),(1408,'Wayaux',6210,1),(1409,'Heppignies',6220,1),(1410,'Thiméon',6230,1),(1411,'Viesville',6230,1),(1412,'Luttre',6238,1),(1413,'Pironchamps',6240,1),(1414,'Presles',6250,1),(1415,'Roselies',6250,1),(1416,'Chimay',6460,1),(1417,'Baileux',6464,1),(1418,'Sivry-Rance',6470,1),(1419,'Solre-Saint-Géry',6500,1),(1420,'Leers-Et-Fosteau',6530,1),(1421,'Biesme-Sous-Thuin',6531,1),(1422,'Bienne-Lez-Happart',6543,1),(1423,'Erquelinnes',6560,1),(1424,'Grand-Reng',6560,1),(1425,'Solre-Sur-Sambre',6560,1),(1426,'Juseret',6642,1),(1427,'Mabompré',6663,1),(1428,'Limerlé',6670,1),(1429,'Lavacherie',6681,1),(1430,'Longchamps',6688,1),(1431,'Toernich',6700,1),(1432,'Saint-Vincent',6730,1),(1433,'Vance',6741,1),(1434,'Châtillon',6747,1),(1435,'Sommethonne',6769,1),(1436,'Wolkrange',6780,1),(1437,'Sélange',6781,1),(1438,'Habergy',6782,1),(1439,'Athus',6791,1),(1440,'Sainte-Marie-Chevigny',6800,1),(1441,'Les Bulles',6811,1),(1442,'Villers-Devant-Orval',6823,1),(1443,'Dohan',6836,1),(1444,'Grapfontaine',6840,1),(1445,'Longlier',6840,1),(1446,'Tournay',6840,1),(1447,'Bertrix',6880,1),(1448,'Cugnon',6880,1),(1449,'Orgeo',6880,1),(1450,'Herbeumont',6887,1),(1451,'Ochamps',6890,1),(1452,'Hargimont',6900,1),(1453,'Sohier',6920,1),(1454,'Wellin',6920,1),(1455,'Lomprez',6924,1),(1456,'Gembes',6929,1),(1457,'Haut-Fays',6929,1),(1458,'Grandhan',6940,1),(1459,'Septon',6940,1),(1460,'Borlon',6941,1),(1461,'Harsin',6950,1),(1462,'Lesterny',6953,1),(1463,'Grandmenil',6960,1),(1464,'Malempré',6960,1),(1465,'Manhay',6960,1),(1466,'Tenneville',6970,1),(1467,'Erneuville',6972,1),(1468,'Hives',6984,1),(1469,'Rendeux',6987,1),(1470,'Fronville',6990,1),(1471,'Amonines',6997,1),(1472,'Mons',7000,1),(1473,'Saint-Symphorien',7030,1),(1474,'Havay',7041,1),(1475,'Erbisoeul',7050,1),(1476,'Jurbise',7050,1),(1477,'Masnuy-Saint-Pierre',7050,1),(1478,'Soignies',7060,1),(1479,'Eugies',7080,1),(1480,'Noirchain',7080,1),(1481,'Hennuyères',7090,1),(1482,'Petit-Roeulx-Lez-Braine',7090,1),(1483,'Ronquières',7090,1),(1484,'Haine-Saint-Paul',7100,1),(1485,'Boussoit',7110,1),(1486,'Strépy-Bracquegnies',7110,1),(1487,'Croix-Lez-Rouveroy',7120,1),(1488,'Fauroeulx',7120,1),(1489,'Vellereille-Les-Brayeux',7120,1),(1490,'Binche',7130,1),(1491,'Waudrez',7131,1),(1492,'Buvrinnes',7133,1),(1493,'Leval-Trahegnies',7134,1),(1494,'Ressaix',7134,1),(1495,'Morlanwelz-Mariemont',7140,1),(1496,'Bois-D\'haine',7170,1),(1497,'Petit-Roeulx-Lez-Nivelles',7181,1),(1498,'Ecaussinnes-D\'enghien',7190,1),(1499,'Marche-Lez-Ecaussinnes',7190,1),(1500,'Bernissart',7320,1),(1501,'Baudour',7331,1),(1502,'Sirault',7332,1),(1503,'Tertre',7333,1),(1504,'Paturages',7340,1),(1505,'Hainin',7350,1),(1506,'Autreppe',7387,1),(1507,'Wasmuel',7390,1),(1508,'Ere',7500,1),(1509,'Saint-Maur',7500,1),(1510,'Esplechin',7502,1),(1511,'Lamain',7522,1),(1512,'Beclers',7532,1),(1513,'Rumillies',7540,1),(1514,'Mourcourt',7543,1),(1515,'Warchin',7548,1),(1516,'Wiers',7608,1),(1517,'Rumes',7610,1),(1518,'Taintignies',7618,1),(1519,'Jollain-Merlin',7620,1),(1520,'Howardries',7624,1),(1521,'Warcoing',7740,1),(1522,'Esquelmes',7743,1),(1523,'Obigies',7743,1),(1524,'Anseroeul',7750,1),(1525,'Celles',7760,1),(1526,'Comines',7780,1),(1527,'Warneton',7784,1),(1528,'Irchonwelz',7801,1),(1529,'Bouvignies',7803,1),(1530,'Arbre',7811,1),(1531,'Villers-Notre-Dame',7812,1),(1532,'Ghislenghien',7822,1),(1533,'Hellebecq',7830,1),(1534,'Hoves',7830,1),(1535,'Thoricourt',7830,1),(1536,'Petit-Enghien',7850,1),(1537,'Bois-De-Lessines',7866,1),(1538,'Bauffe',7870,1),(1539,'Flobecq',7880,1),(1540,'Ellezelles',7890,1),(1541,'Lahamaide',7890,1),(1542,'Arc-Wattripont',7910,1),(1543,'Wattripont',7910,1),(1544,'Buissenal',7911,1),(1545,'Montroeul-Au-Bois',7911,1),(1546,'Chièvres',7950,1),(1547,'Beloeil',7970,1),(1548,'Aubechies',7972,1),(1549,'Koolkerke',8000,1),(1550,'Sint-Andries',8200,1),(1551,'Zedelgem',8210,1),(1552,'Meetkerke',8377,1),(1553,'Zuienkerke',8377,1),(1554,'Klemskerke',8420,1),(1555,'Sint-Pieters-Kapelle',8433,1),(1556,'Slijpe',8433,1),(1557,'Gistel',8470,1),(1558,'Snellegem',8490,1),(1559,'Kortrijk',8500,1),(1560,'Bissegem',8501,1),(1561,'Harelbeke',8530,1),(1562,'Hulste',8531,1),(1563,'Moen',8552,1),(1564,'Sint-Denijs',8554,1),(1565,'Kerkhove',8581,1),(1566,'Bossuit',8583,1),(1567,'Espierres',8587,1),(1568,'Helchin',8587,1),(1569,'Kaaskerke',8600,1),(1570,'Leke',8600,1),(1571,'Oudekapelle',8600,1),(1572,'Woumen',8600,1),(1573,'Avekapelle',8630,1),(1574,'Bulskamp',8630,1),(1575,'Houtem',8630,1),(1576,'Steenkerke',8630,1),(1577,'Veurne',8630,1),(1578,'Lo',8647,1),(1579,'Reninge',8647,1),(1580,'Oostduinkerke',8670,1),(1581,'Wulpen',8670,1),(1582,'Hoogstade',8690,1),(1583,'Oeren',8690,1),(1584,'Sint-Rijkers',8690,1),(1585,'Schuiferskapelle',8700,1),(1586,'Ooigem',8710,1),(1587,'Oeselgem',8720,1),(1588,'Ingelmunster',8770,1),(1589,'Waregem',8790,1),(1590,'Oekene',8800,1),(1591,'Torhout',8820,1),(1592,'Staden',8840,1),(1593,'Ardooie',8850,1),(1594,'Ledegem',8880,1),(1595,'Brielen',8900,1),(1596,'Dikkebus',8900,1),(1597,'Zillebeke',8902,1),(1598,'Elverdinge',8906,1),(1599,'Bikschote',8920,1),(1600,'Poelkapelle',8920,1),(1601,'Menen',8930,1),(1602,'Poperinge',8970,1),(1603,'Gent',9000,1),(1604,'Mariakerke',9030,1),(1605,'Ledeberg',9050,1),(1606,'Melle',9090,1),(1607,'Kallo',9120,1),(1608,'Kallo',9130,1),(1609,'Kieldrecht',9130,1),(1610,'Verrebroek',9130,1),(1611,'Temse',9140,1),(1612,'Tielrode',9140,1),(1613,'Kemzeke',9190,1),(1614,'Dendermonde',9200,1),(1615,'Mespelare',9200,1),(1616,'Schoonaarde',9200,1),(1617,'Massemen',9230,1),(1618,'Serskamp',9260,1),(1619,'Wichelen',9260,1),(1620,'Laarne',9270,1),(1621,'Wieze',9280,1),(1622,'Gijzegem',9308,1),(1623,'Herdersem',9310,1),(1624,'Moorsel',9310,1),(1625,'Nieuwerkerken',9320,1),(1626,'Lede',9340,1),(1627,'Oordegem',9340,1),(1628,'Wanzele',9340,1),(1629,'Lieferinge',9400,1),(1630,'Pollare',9401,1),(1631,'Neigem',9403,1),(1632,'Burst',9420,1),(1633,'Erpe',9420,1),(1634,'Haaltert',9450,1),(1635,'Heldergem',9450,1),(1636,'Iddergem',9472,1),(1637,'Nederboelare',9500,1),(1638,'Overboelare',9500,1),(1639,'Grimminge',9506,1),(1640,'Schendelbeke',9506,1),(1641,'Bavegem',9520,1),(1642,'Herzele',9550,1),(1643,'Lierde',9570,1),(1644,'Sint-Maria-Lierde',9570,1),(1645,'Sint-Martens-Lierde',9572,1),(1646,'Renaix',9600,1),(1647,'Grotenberge',9620,1),(1648,'Sint-Goriks-Oudenhove',9620,1),(1649,'Beerlegem',9630,1),(1650,'Dikkele',9630,1),(1651,'Rozebeke',9630,1),(1652,'Michelbeke',9660,1),(1653,'Nederbrakel',9660,1),(1654,'Kluisbergen',9690,1),(1655,'Nederename',9700,1),(1656,'Zingem',9750,1),(1657,'Kruishoutem',9770,1),(1658,'Wortegem',9790,1),(1659,'Zeveren',9800,1),(1660,'Sint-Martens-Latem',9830,1),(1661,'Zevergem',9840,1),(1662,'Landegem',9850,1),(1663,'Balegem',9860,1),(1664,'Landskouter',9860,1),(1665,'Scheldewindeke',9860,1),(1666,'Olsene',9870,1),(1667,'Zulte',9870,1),(1668,'Gavere',9890,1),(1669,'Oostwinkel',9931,1),(1670,'Assenede',9960,1),(1671,'Oosteeklo',9968,1),(1672,'Bruxelles',1000,1),(1673,'Ixelles',1050,1),(1674,'Anderlecht',1070,1),(1675,'Watermael-Boitsfort',1170,1),(1676,'Uccle',1180,1),(1677,'Woluwe-Saint-Lambert',1200,1),(1678,'Bierges',1301,1),(1679,'La Hulpe',1310,1),(1680,'L\'ecluse',1320,1),(1681,'Tourinnes-La-Grosse',1320,1),(1682,'Louvain-La-Neuve',1348,1),(1683,'Jandrain-Jandrenouille',1350,1),(1684,'Orbais',1360,1),(1685,'Bomal',1367,1),(1686,'Gérompont',1367,1),(1687,'Mont-Saint-André',1367,1),(1688,'Lathuy',1370,1),(1689,'Zétrud-Lumay',1370,1),(1690,'Lasne',1380,1),(1691,'Archennes',1390,1),(1692,'Monstreux',1400,1),(1693,'Lillois-Witterzée',1428,1),(1694,'Quenast',1430,1),(1695,'Corbais',1435,1),(1696,'Hévillers',1435,1),(1697,'Mont-Saint-Guibert',1435,1),(1698,'Walhain-Saint-Paul',1457,1),(1699,'Ittre',1460,1),(1700,'Virginal-Samme',1460,1),(1701,'Bousval',1470,1),(1702,'Houtain-Le-Val',1476,1),(1703,'Clabecq',1480,1),(1704,'Court-Saint-Etienne',1490,1),(1705,'Mellery',1495,1),(1706,'Tilly',1495,1),(1707,'Halle',1500,1),(1708,'Herfelingen',1540,1),(1709,'Vollezele',1570,1),(1710,'Sint-Laureins-Berchem',1600,1),(1711,'Sint-Pieters-Leeuw',1600,1),(1712,'Vlezenbeek',1602,1),(1713,'Beersel',1650,1),(1714,'Lot',1651,1),(1715,'Heikruis',1670,1),(1716,'Bellingen',1674,1),(1717,'Asse',1730,1),(1718,'Sint-Katherina-Lombeek',1742,1),(1719,'Mazenzele',1745,1),(1720,'Sint-Kwintens-Lennik',1750,1),(1721,'Kester',1755,1),(1722,'Roosdaal',1760,1),(1723,'Strijtem',1760,1),(1724,'Brussegem',1785,1),(1725,'Hekelgem',1790,1),(1726,'Vilvoorde',1800,1),(1727,'Strombeek-Bever',1853,1),(1728,'Nossegem',1930,1),(1729,'Berendrecht',2040,1),(1730,'Borsbeek',2150,1),(1731,'Merksem',2170,1),(1732,'Ekeren',2180,1),(1733,'Herentals',2200,1),(1734,'Schriek',2223,1),(1735,'Westmeerbeek',2235,1),(1736,'Massenhoven',2240,1),(1737,'Viersel',2240,1),(1738,'Oevel',2260,1),(1739,'Wechelderzande',2275,1),(1740,'Rijkevorsel',2310,1),(1741,'Vlimmeren',2340,1),(1742,'Laakdal',2430,1),(1743,'Vorst',2430,1),(1744,'Varendonk',2431,1),(1745,'Tielen',2460,1),(1746,'Koningshooikt',2500,1),(1747,'Oelegem',2520,1),(1748,'Berlaar',2590,1),(1749,'Hemiksem',2620,1),(1750,'Mechelen',2800,1),(1751,'Heffen',2801,1),(1752,'Reet',2840,1),(1753,'Niel',2845,1),(1754,'Breendonk',2870,1),(1755,'Kalmthout',2920,1),(1756,'Brasschaat',2930,1),(1757,'Sint-Lenaarts',2960,1),(1758,'Loenhout',2990,1),(1759,'Leuven',3000,1),(1760,'Kessel Lo',3010,1),(1761,'Loonbeek',3040,1),(1762,'Oud-Heverlee',3050,1),(1763,'Leefdaal',3061,1),(1764,'Erps-Kwerps',3071,1),(1765,'Meerbeek',3078,1),(1766,'Werchter',3118,1),(1767,'Aarschot',3200,1),(1768,'Rillaar',3202,1),(1769,'Linden',3210,1),(1770,'Averbode',3271,1),(1771,'Bost',3300,1),(1772,'Goetsenhoven',3300,1),(1773,'Meldert',3320,1),(1774,'Outgaarden',3321,1),(1775,'Bierbeek',3360,1),(1776,'Bunsbeek',3380,1),(1777,'Kapellen',3381,1),(1778,'Sint-Joris-Winge',3390,1),(1779,'Tielt-Winge',3390,1),(1780,'Eliksem',3400,1),(1781,'Rumsdorp',3400,1),(1782,'Wange',3400,1),(1783,'Waasmont',3401,1),(1784,'Neerlanden',3404,1),(1785,'Halle-Booienhoven',3440,1),(1786,'Helen-Bos',3440,1),(1787,'Assent',3460,1),(1788,'Bekkevoort',3460,1),(1789,'Kersbeek-Miskom',3472,1),(1790,'Wimmertingen',3501,1),(1791,'Zonhoven',3520,1),(1792,'Houthalen',3530,1),(1793,'Schulen',3540,1),(1794,'Loksbergen',3545,1),(1795,'Zelem',3545,1),(1796,'Meldert',3560,1),(1797,'Beringen',3580,1),(1798,'Neerharen',3620,1),(1799,'Eisden',3630,1),(1800,'Leut',3630,1),(1801,'Maasmechelen',3630,1),(1802,'Meeswijk',3630,1),(1803,'Molenbeersel',3640,1),(1804,'As',3665,1),(1805,'Berg',3700,1),(1806,'Widooie',3700,1),(1807,'Vliermaal',3724,1),(1808,'Eigenbilzen',3740,1),(1809,'Rijkhoven',3740,1),(1810,'Kanne',3770,1),(1811,'Membruggen',3770,1),(1812,'Teuven',3793,1),(1813,'Halmaal',3800,1),(1814,'Berlingen',3830,1),(1815,'Haren',3840,1),(1816,'Kozen',3850,1),(1817,'Wijer',3850,1),(1818,'Rukkelingen-Loon',3870,1),(1819,'Vechmaal',3870,1),(1820,'Neerpelt',3910,1),(1821,'Sint-Huibrechts-Lille',3910,1),(1822,'Liège',4000,1),(1823,'Grivegnee',4030,1),(1824,'Chaudfontaine',4050,1),(1825,'Ougrée',4102,1),(1826,'Neuville-En-Condroz',4121,1),(1827,'Tilff',4130,1),(1828,'Rouvreux',4140,1),(1829,'Comblain-Au-Pont',4170,1),(1830,'Vieuxville',4190,1),(1831,'Meeffe',4219,1),(1832,'Wasseiges',4219,1),(1833,'Darion',4253,1),(1834,'Ligney',4254,1),(1835,'Blehen',4280,1),(1836,'Cras-Avernas',4280,1),(1837,'Wansin',4280,1),(1838,'Viemme',4317,1),(1839,'Fexhe-Le-Haut-Clocher',4347,1),(1840,'Hodeige',4351,1),(1841,'Oreye',4360,1),(1842,'Mons-Lez-Liège',4400,1),(1843,'Ans',4430,1),(1844,'Loncin',4431,1),(1845,'Juprelle',4450,1),(1846,'Grâce-Berleur',4460,1),(1847,'Ehein',4480,1),(1848,'Moha',4520,1),(1849,'Wanze',4520,1),(1850,'Villers-Le-Bouillet',4530,1),(1851,'Bodegnée',4537,1),(1852,'Chapon-Seraing',4537,1),(1853,'Seraing-Le-Château',4537,1),(1854,'Jehay',4540,1),(1855,'Abée',4557,1),(1856,'Ramelot',4557,1),(1857,'Bois-Et-Borsu',4560,1),(1858,'Pailhe',4560,1),(1859,'Ouffet',4590,1),(1860,'Bombaye',4607,1),(1861,'Warsage',4608,1),(1862,'Cérexhe-Heuseux',4632,1),(1863,'Grand-Rechain',4650,1),(1864,'Blégny',4670,1),(1865,'Saive',4671,1),(1866,'Heure-Le-Romain',4682,1),(1867,'Eben-Emael',4690,1),(1868,'Elsenborn',4750,1),(1869,'Rocherath',4761,1),(1870,'Burg-Reuland',4790,1),(1871,'Petit-Rechain',4800,1),(1872,'Welkenraedt',4840,1),(1873,'Henri-Chapelle',4841,1),(1874,'Jalhay',4845,1),(1875,'Montzen',4850,1),(1876,'Moresnet',4850,1),(1877,'Aubel',4880,1),(1878,'Thimister-Clermont',4890,1),(1879,'Theux',4910,1),(1880,'Stavelot',4970,1),(1881,'Stoumont',4987,1),(1882,'Arbrefontaine',4990,1),(1883,'Lierneux',4990,1),(1884,'Saint-Marc',5003,1),(1885,'Flawinne',5020,1),(1886,'Malonne',5020,1),(1887,'Gelbressée',5024,1),(1888,'Mazy',5032,1),(1889,'Arsimont',5060,1),(1890,'Sambreville',5060,1),(1891,'Sart-Saint-Laurent',5070,1),(1892,'Dave',5100,1),(1893,'Sombreffe',5140,1),(1894,'Tongrinne',5140,1),(1895,'Floriffoux',5150,1),(1896,'Soye',5150,1),(1897,'Rivière',5170,1),(1898,'Jemeppe-Sur-Sambre',5190,1),(1899,'Onoz',5190,1),(1900,'Andenne',5300,1),(1901,'Bonneville',5300,1),(1902,'Coutisse',5300,1),(1903,'Bolinne',5310,1),(1904,'Upigny',5310,1),(1905,'Courrière',5336,1),(1906,'Sorée',5340,1),(1907,'Jallet',5354,1),(1908,'Barvaux-Condroz',5370,1),(1909,'Porcheresse',5370,1),(1910,'Méan',5372,1),(1911,'Sinsin',5377,1),(1912,'Tillier',5380,1),(1913,'Anseremme',5500,1),(1914,'Falmagne',5500,1),(1915,'Lisogne',5501,1),(1916,'Gerin',5524,1),(1917,'Durnal',5530,1),(1918,'Godinne',5530,1),(1919,'Houx',5530,1),(1920,'Purnode',5530,1),(1921,'Denée',5537,1),(1922,'Haut-Le-Wastia',5537,1),(1923,'Warnant',5537,1),(1924,'Hastière-Par-Delà',5541,1),(1925,'Chairière',5550,1),(1926,'Pussemange',5550,1),(1927,'Vresse-Sur-Semois',5550,1),(1928,'Oizy',5555,1),(1929,'Wiesme',5571,1),(1930,'Focant',5572,1),(1931,'Bourseigne-Vieille',5575,1),(1932,'Gedinne',5575,1),(1933,'Mont-Gauthier',5580,1),(1934,'Chevetogne',5590,1),(1935,'Pessoux',5590,1),(1936,'Vodecée',5600,1),(1937,'Rosée',5620,1),(1938,'Senzeille',5630,1),(1939,'Mettet',5640,1),(1940,'Saint-Gérard',5640,1),(1941,'Stave',5646,1),(1942,'Fontenelle',5650,1),(1943,'Vogenée',5650,1),(1944,'Yves-Gomezée',5650,1),(1945,'Tarcienne',5651,1),(1946,'Boussu-En-Fagne',5660,1),(1947,'Dailly',5660,1),(1948,'Mariembourg',5660,1),(1949,'Presgaux',5660,1),(1950,'Treignes',5670,1),(1951,'Soulme',5680,1),(1952,'Marcinelle',6001,1),(1953,'Couillet',6010,1),(1954,'Goutroux',6030,1),(1955,'Montignies-Sur-Sambre',6061,1),(1956,'Montigny-Le-Tilleul',6110,1),(1957,'Forchies-La-Marche',6141,1),(1958,'Châtelet',6200,1),(1959,'Frasnes-Lez-Gosselies',6210,1),(1960,'Lambusart',6220,1),(1961,'Vergnies',6440,1),(1962,'Saint-Remy',6460,1),(1963,'Lompret',6463,1),(1964,'Bourlers',6464,1),(1965,'Rièzes',6464,1),(1966,'Rance',6470,1),(1967,'Leval-Chaudeville',6500,1),(1968,'Renlies',6500,1),(1969,'Strée',6511,1),(1970,'Donstiennes',6536,1),(1971,'Mont-Sainte-Geneviève',6540,1),(1972,'Monceau-Imbrechies',6592,1),(1973,'Noville',6600,1),(1974,'Vaux-Lez-Rosières',6640,1),(1975,'Vaux-Sur-Sûre',6640,1),(1976,'Tailles',6661,1),(1977,'Gouvy',6670,1),(1978,'Amberloup',6680,1),(1979,'Tillet',6680,1),(1980,'Flamierge',6686,1),(1981,'Bihain',6690,1),(1982,'Guirsch',6704,1),(1983,'Nobressart',6717,1),(1984,'Hachy',6720,1),(1985,'Habay-La-Vieille',6723,1),(1986,'Bellefontaine',6730,1),(1987,'Villers-Sur-Semois',6740,1),(1988,'Meix-Le-Tige',6747,1),(1989,'Latour',6761,1),(1990,'Saint-Mard',6762,1),(1991,'Dampicourt',6767,1),(1992,'Rouvroy',6767,1),(1993,'Torgny',6767,1),(1994,'Meix-Devant-Virton',6769,1),(1995,'Freux',6800,1),(1996,'Libramont-Chevigny',6800,1),(1997,'Jamoigne',6810,1),(1998,'Termes',6813,1),(1999,'Lacuisine',6821,1),(2000,'Les Hayons',6830,1),(2001,'Poupehan',6830,1),(2002,'Ucimont',6833,1),(2003,'Bellevaux',6834,1),(2004,'Corbion',6838,1),(2005,'Hamipré',6840,1),(2006,'Carlsbourg',6850,1),(2007,'Nollevaux',6851,1),(2008,'Maissin',6852,1),(2009,'Framont',6853,1),(2010,'Mellier',6860,1),(2011,'Arville',6870,1),(2012,'Awenne',6870,1),(2013,'Hatrival',6870,1),(2014,'Jehonville',6880,1),(2015,'Saint-Médard',6887,1),(2016,'Straimont',6887,1),(2017,'Libin',6890,1),(2018,'Smuid',6890,1),(2019,'Aye',6900,1),(2020,'Humain',6900,1),(2021,'Chanly',6921,1),(2022,'Halma',6922,1),(2023,'Tellin',6927,1),(2024,'Heyd',6941,1),(2025,'Nassogne',6950,1),(2026,'Grune',6952,1),(2027,'Masbourg',6953,1),(2028,'Vaux-Chavanne',6960,1),(2029,'Champlon',6971,1),(2030,'Beausaint',6980,1),(2031,'Samrée',6982,1),(2032,'Mormont',6997,1),(2033,'Flénu',7012,1),(2034,'Harveng',7022,1),(2035,'Hyon',7022,1),(2036,'Asquillies',7040,1),(2037,'Erbaut',7050,1),(2038,'Herchies',7050,1),(2039,'Thieusies',7061,1),(2040,'Chaussée-Notre-Dame-Louvignies',7063,1),(2041,'Thieu',7070,1),(2042,'Frameries',7080,1),(2043,'Steenkerque',7090,1),(2044,'Estinnes-Au-Mont',7120,1),(2045,'Bray',7130,1),(2046,'Mont-Sainte-Aldegonde',7141,1),(2047,'La Hestre',7170,1),(2048,'Manage',7170,1),(2049,'Boussu',7300,1),(2050,'Blaton',7321,1),(2051,'Ville-Pommeroeul',7322,1),(2052,'Villerot',7334,1),(2053,'Wasmes',7340,1),(2054,'Blaugies',7370,1),(2055,'Angre',7387,1),(2056,'Athis',7387,1),(2057,'Onnezies',7387,1),(2058,'Quaregnon',7390,1),(2059,'Tournai',7500,1),(2060,'Froyennes',7503,1),(2061,'Froidmont',7504,1),(2062,'Hertain',7522,1),(2063,'Mont-Saint-Aubert',7542,1),(2064,'Baugnies',7604,1),(2065,'Braffe',7604,1),(2066,'Callenelle',7604,1),(2067,'La Glanerie',7611,1),(2068,'Guignies',7620,1),(2069,'Bruyelle',7641,1),(2070,'Fontenoy',7643,1),(2071,'Luingne',7700,1),(2072,'Estaimbourg',7730,1),(2073,'Saint-Léger',7730,1),(2074,'Popuelles',7760,1),(2075,'Bizet',7783,1),(2076,'Ostiches',7804,1),(2077,'Rebaix',7804,1),(2078,'Maffle',7810,1),(2079,'Villers-Saint-Amand',7812,1),(2080,'Wannebecq',7861,1),(2081,'Ollignies',7866,1),(2082,'Lens',7870,1),(2083,'Blicquy',7903,1),(2084,'Cordes',7910,1),(2085,'Oeudeghien',7911,1),(2086,'Mévergnies-Lez-Lens',7942,1),(2087,'Basècles',7971,1),(2088,'Ramegnies',7971,1),(2089,'Wadelincourt',7971,1),(2090,'Grandglise',7973,1),(2091,'Oostkamp',8020,1),(2092,'Sint-Michiels',8200,1),(2093,'Knokke-Heist',8300,1),(2094,'Lapscheure',8340,1),(2095,'Moerkerke',8340,1),(2096,'Nieuwmunster',8377,1),(2097,'Oostende',8400,1),(2098,'Zandvoorde',8400,1),(2099,'De Haan',8420,1),(2100,'Wenduine',8420,1),(2101,'Leffinge',8432,1),(2102,'Schore',8433,1),(2103,'Westende',8434,1),(2104,'Oudenburg',8460,1),(2105,'Varsenare',8490,1),(2106,'Bellegem',8510,1),(2107,'Kooigem',8510,1),(2108,'Rollegem',8510,1),(2109,'Zwevegem',8550,1),(2110,'Heestert',8551,1),(2111,'Moorsele',8560,1),(2112,'Anzegem',8570,1),(2113,'Espierres-Helchin',8587,1),(2114,'Pervijze',8600,1),(2115,'Stuivekenskerke',8600,1),(2116,'Werken',8610,1),(2117,'Ramskapelle',8620,1),(2118,'Sint-Joris',8620,1),(2119,'Booitshoeke',8630,1),(2120,'De Moeren',8630,1),(2121,'Wulveringem',8630,1),(2122,'Zoutenaaie',8630,1),(2123,'Woesten',8640,1),(2124,'Lo-Reninge',8647,1),(2125,'Houthulst',8650,1),(2126,'Klerken',8650,1),(2127,'Koksijde',8670,1),(2128,'Aarsele',8700,1),(2129,'Wakken',8720,1),(2130,'Egem',8740,1),(2131,'Ruiselede',8755,1),(2132,'Sint-Eloois-Vijve',8793,1),(2133,'Kachtem',8870,1),(2134,'Rollegem-Kapelle',8880,1),(2135,'Sint-Eloois-Winkel',8880,1),(2136,'Voormezele',8902,1),(2137,'Rekkem',8930,1),(2138,'Geluwe',8940,1),(2139,'Dranouter',8951,1),(2140,'Westouter',8954,1),(2141,'Kemmel',8956,1),(2142,'Messines',8957,1),(2143,'Roesbrugge-Haringe',8972,1),(2144,'Watou',8978,1),(2145,'Beselare',8980,1),(2146,'Zonnebeke',8980,1),(2147,'Drongen',9031,1),(2148,'Desteldonk',9042,1),(2149,'Sint-Kruis-Winkel',9042,1),(2150,'Destelbergen',9070,1),(2151,'Beervelde',9080,1),(2152,'Zaffelare',9080,1),(2153,'Melsele',9120,1),(2154,'Kruibeke',9150,1),(2155,'Daknam',9160,1),(2156,'De Klinge',9170,1),(2157,'Sint-Gillis-Waas',9170,1),(2158,'Stekene',9190,1),(2159,'Grembergen',9200,1),(2160,'Hamme',9220,1),(2161,'Westrem',9230,1),(2162,'Wetteren',9230,1),(2163,'Kalken',9270,1),(2164,'Aalst',9300,1),(2165,'Erembodegem',9320,1),(2166,'Voorde',9400,1),(2167,'Meerbeke',9402,1),(2168,'Aspelare',9404,1),(2169,'Outer',9406,1),(2170,'Mere',9420,1),(2171,'Ottergem',9420,1),(2172,'Geraardsbergen',9500,1),(2173,'Idegem',9506,1),(2174,'Steenhuize-Wijnhuize',9550,1),(2175,'Woubrechtegem',9550,1),(2176,'Deftinge',9570,1),(2177,'Hemelveerdegem',9571,1),(2178,'Elene',9620,1),(2179,'Sint-Maria-Oudenhove',9620,1),(2180,'Zottegem',9620,1),(2181,'Hundelgem',9630,1),(2182,'Sint-Denijs-Boekel',9630,1),(2183,'Zwalm',9630,1),(2184,'Sint-Maria-Oudenhove',9660,1),(2185,'Maarke-Kerkem',9680,1),(2186,'Edelare',9700,1),(2187,'Heurne',9700,1),(2188,'Melden',9700,1),(2189,'Welden',9700,1),(2190,'Huise',9750,1),(2191,'Moregem',9790,1),(2192,'Meigem',9800,1),(2193,'Deurle',9831,1),(2194,'Merendree',9850,1),(2195,'Poesele',9850,1),(2196,'Bellem',9881,1),(2197,'Dikkelvenne',9890,1),(2198,'Vurste',9890,1),(2199,'Ursel',9910,1),(2200,'Ertvelde',9940,1),(2201,'Evergem',9940,1),(2202,'Kaprijke',9970,1),(2203,'Sint-Jan-In-Eremo',9982,1),(2204,'Etterbeek',1040,1),(2205,'Saint-Gilles',1060,1),(2206,'Koekelberg',1081,1),(2207,'Haren',1130,1),(2208,'Evere',1140,1),(2209,'Forest',1190,1),(2210,'Nodebais',1320,1),(2211,'Dion-Valmont',1325,1),(2212,'Rixensart',1330,1),(2213,'Genval',1332,1),(2214,'Céroux-Mousty',1341,1),(2215,'Limelette',1342,1),(2216,'Marilles',1350,1),(2217,'Hélécine',1357,1),(2218,'Linsmeau',1357,1),(2219,'Grand-Rosière-Hottomont',1367,1),(2220,'Mélin',1370,1),(2221,'Saint-Remy-Geest',1370,1),(2222,'Couture-Saint-Germain',1380,1),(2223,'Plancenoit',1380,1),(2224,'Nethen',1390,1),(2225,'Bornival',1404,1),(2226,'Genappe',1470,1),(2227,'Vieux-Genappe',1472,1),(2228,'Sint-Pieters-Kapelle',1541,1),(2229,'Galmaarden',1570,1),(2230,'Beert',1673,1),(2231,'Dilbeek',1700,1),(2232,'Sint-Martens-Bodegem',1700,1),(2233,'Opwijk',1745,1),(2234,'Leerbeek',1755,1),(2235,'Onze-Lieve-Vrouw-Lombeek',1760,1),(2236,'Borchtlombeek',1761,1),(2237,'Melsbroek',1820,1),(2238,'Steenokkerzeel',1820,1),(2239,'Machelen',1830,1),(2240,'Steenhuffel',1840,1),(2241,'Grimbergen',1850,1),(2242,'Wolvertem',1861,1),(2243,'Kampenhout',1910,1),(2244,'Sterrebeek',1933,1),(2245,'Elewijt',1982,1),(2246,'Borgerhout',2140,1),(2247,'Booischot',2221,1),(2248,'Itegem',2222,1),(2249,'Herselt',2230,1),(2250,'Hulshout',2235,1),(2251,'Pulderbos',2242,1),(2252,'Tongerlo',2260,1),(2253,'Herenthout',2270,1),(2254,'Poederlee',2275,1),(2255,'Meer',2321,1),(2256,'Meerle',2328,1),(2257,'Malle',2390,1),(2258,'Oostmalle',2390,1),(2259,'Westmalle',2390,1),(2260,'Meerhout',2450,1),(2261,'Emblem',2520,1),(2262,'Ranst',2520,1),(2263,'Boechout',2530,1),(2264,'Vremde',2531,1),(2265,'Beerzel',2580,1),(2266,'Putte',2580,1),(2267,'Gestel',2590,1),(2268,'Berchem',2600,1),(2269,'Schelle',2627,1),(2270,'Bonheiden',2820,1),(2271,'Blaasveld',2830,1),(2272,'Rumst',2840,1),(2273,'Terhagen',2840,1),(2274,'Sint-Katelijne-Waver',2860,1),(2275,'Onze-Lieve-Vrouw-Waver',2861,1),(2276,'Hingene',2880,1),(2277,'Sint-Amands',2890,1),(2278,'Schoten',2900,1),(2279,'Wilsele',3012,1),(2280,'Wijgmaal',3018,1),(2281,'Winksele',3020,1),(2282,'Neerijse',3040,1),(2283,'Ottenburg',3040,1),(2284,'Vaalbeek',3054,1),(2285,'Everberg',3078,1),(2286,'Begijnendijk',3130,1),(2287,'Boortmeerbeek',3190,1),(2288,'Gelrode',3200,1),(2289,'Langdorp',3201,1),(2290,'Zichem',3271,1),(2291,'Molenstede',3294,1),(2292,'Linter',3350,1),(2293,'Korbeek-Lo',3360,1),(2294,'Opvelp',3360,1),(2295,'Boutersem',3370,1),(2296,'Kerkom',3370,1),(2297,'Ezemaal',3400,1),(2298,'Neerwinden',3400,1),(2299,'Ransberg',3470,1),(2300,'Hasselt',3500,1),(2301,'Kermt',3510,1),(2302,'Donk',3540,1),(2303,'Koersel',3582,1),(2304,'Genk',3600,1),(2305,'Lanaken',3620,1),(2306,'Rekem',3621,1),(2307,'Ophoven',3640,1),(2308,'Stokkem',3650,1),(2309,'Ellikom',3670,1),(2310,'Wijshagen',3670,1),(2311,'Maaseik',3680,1),(2312,'Zutendaal',3690,1),(2313,'Haren',3700,1),(2314,'Henis',3700,1),(2315,'Koninksem',3700,1),(2316,'Lauw',3700,1),(2317,'Mal',3700,1),(2318,'Nerem',3700,1),(2319,'Piringen',3700,1),(2320,'Riksingen',3700,1),(2321,'Sluizen',3700,1),(2322,'Kortessem',3720,1),(2323,'Sint-Huibrechts-Hern',3730,1),(2324,'Beverst',3740,1),(2325,'Bilzen',3740,1),(2326,'Hees',3740,1),(2327,'Kleine-Spouwen',3740,1),(2328,'Waltwilder',3740,1),(2329,'Millen',3770,1),(2330,'Val-Meer',3770,1),(2331,'Fouron-Saint-Martin',3790,1),(2332,'Mouland',3790,1),(2333,'Remersdaal',3791,1),(2334,'Engelmanshoven',3800,1),(2335,'Gelinden',3800,1),(2336,'Gorsem',3803,1),(2337,'Runkelen',3803,1),(2338,'Broekom',3840,1),(2339,'Gors-Opleeuw',3840,1),(2340,'Gotem',3840,1),(2341,'Hendrieken',3840,1),(2342,'Kuttekoven',3840,1),(2343,'Heers',3870,1),(2344,'Klein-Gelmen',3870,1),(2345,'Veulen',3870,1),(2346,'Jeuk',3890,1),(2347,'Hamont',3930,1),(2348,'Hechtel',3940,1),(2349,'Oostham',3945,1),(2350,'Bocholt',3950,1),(2351,'Kaulille',3950,1),(2352,'Chênee',4032,1),(2353,'Liers',4042,1),(2354,'Beaufays',4052,1),(2355,'Boncelles',4100,1),(2356,'Seraing',4100,1),(2357,'Jemeppe-Sur-Meuse',4101,1),(2358,'Neupré',4120,1),(2359,'Villers-Aux-Tours',4161,1),(2360,'Hody',4162,1),(2361,'Poulseur',4171,1),(2362,'Comblain-Fairon',4180,1),(2363,'Corswarem',4257,1),(2364,'Ciplet',4260,1),(2365,'Latinne',4261,1),(2366,'Abolens',4280,1),(2367,'Avernas-Le-Bauduin',4280,1),(2368,'Lens-Saint-Remy',4280,1),(2369,'Merdorp',4280,1),(2370,'Poucet',4280,1),(2371,'Racour',4287,1),(2372,'Fooz',4340,1),(2373,'Othée',4340,1),(2374,'Roloux',4347,1),(2375,'Voroux-Goreux',4347,1),(2376,'Lamine',4350,1),(2377,'Momalle',4350,1),(2378,'Remicourt',4350,1),(2379,'Haneffe',4357,1),(2380,'Fize-Le-Marsal',4367,1),(2381,'Flémalle-Haute',4400,1),(2382,'Saint-Nicolas',4420,1),(2383,'Alleur',4432,1),(2384,'Lantin',4450,1),(2385,'Slins',4450,1),(2386,'Grâce-Hollogne',4460,1),(2387,'Horion-Hozémont',4460,1),(2388,'Antheit',4520,1),(2389,'Verlaine',4537,1),(2390,'Ampsin',4540,1),(2391,'Flône',4540,1),(2392,'Villers-Le-Temple',4550,1),(2393,'Yernée-Fraineux',4550,1),(2394,'Seny',4557,1),(2395,'Vierset-Barse',4577,1),(2396,'Visé',4600,1),(2397,'Cheratte',4602,1),(2398,'Berneau',4607,1),(2399,'Dalhem',4607,1),(2400,'Retinne',4621,1),(2401,'Melen',4633,1),(2402,'Battice',4651,1),(2403,'Boirs',4690,1),(2404,'Wonck',4690,1),(2405,'Eupen',4700,1),(2406,'Lontzen',4710,1),(2407,'Walhorn',4711,1),(2408,'Raeren',4730,1),(2409,'Eynatten',4731,1),(2410,'Butgenbach',4750,1),(2411,'Manderfeld',4760,1),(2412,'Meyerode',4770,1),(2413,'Recht',4780,1),(2414,'Schoenberg',4782,1),(2415,'Andrimont',4821,1),(2416,'Gemmenich',4851,1),(2417,'Wegnez',4860,1),(2418,'Soiron',4861,1),(2419,'Nessonvaux',4870,1),(2420,'La Reid',4910,1),(2421,'Polleur',4910,1),(2422,'Bevercé',4960,1),(2423,'Wanne',4980,1),(2424,'Basse-Bodeux',4983,1),(2425,'Lonzée',5030,1),(2426,'Falisolle',5060,1),(2427,'Keumiée',5060,1),(2428,'Aisemont',5070,1),(2429,'Le Roux',5070,1),(2430,'Emines',5080,1),(2431,'Rhisnes',5080,1),(2432,'Bovesse',5081,1),(2433,'Jambes',5100,1),(2434,'Lives-Sur-Meuse',5101,1),(2435,'Ligny',5140,1),(2436,'Arbre',5170,1),(2437,'Moustier-Sur-Sambre',5190,1),(2438,'Maizeret',5300,1),(2439,'Namêche',5300,1),(2440,'Seilles',5300,1),(2441,'Vezin',5300,1),(2442,'Dhuy',5310,1),(2443,'Liernu',5310,1),(2444,'Mehaigne',5310,1),(2445,'Assesse',5330,1),(2446,'Maillen',5330,1),(2447,'Gesves',5340,1),(2448,'Haltinne',5340,1),(2449,'Ohey',5350,1),(2450,'Hamois',5360,1),(2451,'Mohiville',5361,1),(2452,'Havelange',5370,1),(2453,'Jeneffe',5370,1),(2454,'Miécret',5376,1),(2455,'Baillonville',5377,1),(2456,'Somme-Leuze',5377,1),(2457,'Waillet',5377,1),(2458,'Cortil-Wodon',5380,1),(2459,'Franc-Waret',5380,1),(2460,'Hemptinne',5380,1),(2461,'Pontillas',5380,1),(2462,'Sorinnes',5503,1),(2463,'Falaen',5522,1),(2464,'Spontin',5530,1),(2465,'Annevoie-Rouillon',5537,1),(2466,'Bioul',5537,1),(2467,'Sosoye',5537,1),(2468,'Hastière-Lavaux',5540,1),(2469,'Waulsort',5540,1),(2470,'Bagimont',5550,1),(2471,'Membre',5550,1),(2472,'Orchimont',5550,1),(2473,'Baillamont',5555,1),(2474,'Bièvre',5555,1),(2475,'Cornimont',5555,1),(2476,'Ciergnon',5560,1),(2477,'Finnevaux',5560,1),(2478,'Hulsonniaux',5560,1),(2479,'Mesnil-Saint-Blaise',5560,1),(2480,'Wanlin',5564,1),(2481,'Honnay',5570,1),(2482,'Javingue',5570,1),(2483,'Martouzin-Neuville',5573,1),(2484,'Sart-Custinne',5575,1),(2485,'Vencimont',5575,1),(2486,'Froidfontaine',5576,1),(2487,'Villers-Sur-Lesse',5580,1),(2488,'Achêne',5590,1),(2489,'Leignon',5590,1),(2490,'Franchimont',5600,1),(2491,'Merlemont',5600,1),(2492,'Roly',5600,1),(2493,'Samart',5600,1),(2494,'Surice',5600,1),(2495,'Daussois',5630,1),(2496,'Biesme',5640,1),(2497,'Gourdinne',5651,1),(2498,'Vierves-Sur-Viroin',5670,1),(2499,'Viroinval',5670,1),(2500,'Doische',5680,1),(2501,'Matagne-La-Petite',5680,1),(2502,'Romerée',5680,1),(2503,'Vaucelles',5680,1),(2504,'Monceau-Sur-Sambre',6031,1),(2505,'Marbaix',6120,1),(2506,'Nalinnes',6120,1),(2507,'Anderlues',6150,1),(2508,'Trazegnies',6183,1),(2509,'Les Bons Villers',6210,1),(2510,'Villers-Perwin',6210,1),(2511,'Mellet',6211,1),(2512,'Saint-Amand',6221,1),(2513,'Buzet',6230,1),(2514,'Pont-À-Celles',6230,1),(2515,'Liberchies',6238,1),(2516,'Farciennes',6240,1),(2517,'Aiseau',6250,1),(2518,'Boussu-Lez-Walcourt',6440,1),(2519,'Fourbechies',6440,1),(2520,'Froidchapelle',6440,1),(2521,'Salles',6460,1),(2522,'Vaulx-Lez-Chimay',6462,1),(2523,'L\'escaillère',6464,1),(2524,'Montbliart',6470,1),(2525,'Sautin',6470,1),(2526,'Beaumont',6500,1),(2527,'Ragnies',6532,1),(2528,'Thuillies',6536,1),(2529,'Sars-La-Buissière',6542,1),(2530,'Labuissière',6567,1),(2531,'Merbes-Le-Château',6567,1),(2532,'Forge-Philippe',6596,1),(2533,'Seloignes',6596,1),(2534,'Longvilly',6600,1),(2535,'Villers-La-Bonne-Eau',6600,1),(2536,'Morhet',6640,1),(2537,'Nadrin',6660,1),(2538,'Bertogne',6687,1),(2539,'Petit-Thier',6692,1),(2540,'Grand-Halleux',6698,1),(2541,'Arlon',6700,1),(2542,'Bonnert',6700,1),(2543,'Autelbas',6706,1),(2544,'Tontelange',6717,1),(2545,'Rulles',6724,1),(2546,'Rossignol',6730,1),(2547,'Tintigny',6730,1),(2548,'Chantemelle',6742,1),(2549,'Musson',6750,1),(2550,'Mussy-La-Ville',6750,1),(2551,'Ruette',6760,1),(2552,'Virton',6760,1),(2553,'Hondelange',6780,1),(2554,'Messancy',6780,1),(2555,'Bras',6800,1),(2556,'Moircy',6800,1),(2557,'Recogne',6800,1),(2558,'Izel',6810,1),(2559,'Sainte-Cécile',6820,1),(2560,'Noirfontaine',6831,1),(2561,'Neufchâteau',6840,1),(2562,'Fays-Les-Veneurs',6856,1),(2563,'Witry',6860,1),(2564,'Saint-Hubert',6870,1),(2565,'Auby-Sur-Semois',6880,1),(2566,'Redu',6890,1),(2567,'On',6900,1),(2568,'Waha',6900,1),(2569,'Resteigne',6927,1),(2570,'Porcheresse',6929,1),(2571,'Bende',6941,1),(2572,'Tohogne',6941,1),(2573,'Villers-Sainte-Gertrude',6941,1),(2574,'Forrières',6953,1),(2575,'Dochamps',6960,1),(2576,'Halleux',6986,1),(2577,'Nimy',7020,1),(2578,'Harmignies',7022,1),(2579,'Spiennes',7032,1),(2580,'Saint-Denis',7034,1),(2581,'Aulnois',7040,1),(2582,'Goegnies-Chaussée',7040,1),(2583,'Quévy-Le-Grand',7040,1),(2584,'Quévy-Le-Petit',7040,1),(2585,'Givry',7041,1),(2586,'Horrues',7060,1),(2587,'Naast',7062,1),(2588,'Le Roeulx',7070,1),(2589,'Mignault',7070,1),(2590,'La Bouverie',7080,1),(2591,'Sars-La-Bruyère',7080,1),(2592,'Haine-Saint-Pierre',7100,1),(2593,'La Louvière',7100,1),(2594,'Saint-Vaast',7100,1),(2595,'Houdeng-Aimeries',7110,1),(2596,'Estinnes',7120,1),(2597,'Vellereille-Le-Sec',7120,1),(2598,'Battignies',7130,1),(2599,'Epinois',7134,1),(2600,'Morlanwelz',7140,1),(2601,'Godarville',7160,1),(2602,'Fayt-Lez-Manage',7170,1),(2603,'Feluy',7181,1),(2604,'Harchies',7321,1),(2605,'Neufmaison',7332,1),(2606,'Hautrage',7334,1),(2607,'Hensies',7350,1),(2608,'Elouges',7370,1),(2609,'Marchipont',7387,1),(2610,'Montignies-Sur-Roc',7387,1),(2611,'Roisin',7387,1),(2612,'Ramegnies-Chin',7520,1),(2613,'Templeuve',7520,1),(2614,'Chercq',7521,1),(2615,'Blandain',7522,1),(2616,'Havinnes',7531,1),(2617,'Thimougies',7533,1),(2618,'Maulde',7534,1),(2619,'Vezon',7538,1),(2620,'Melles',7540,1),(2621,'Quartes',7540,1),(2622,'Bon-Secours',7603,1),(2623,'Brasmenil',7604,1),(2624,'Bléharies',7620,1),(2625,'Lesdain',7621,1),(2626,'Antoing',7640,1),(2627,'Péronnes-Lez-Antoing',7640,1),(2628,'Calonne',7642,1),(2629,'Mouscron',7700,1),(2630,'Estaimpuis',7730,1),(2631,'Evregnies',7730,1),(2632,'Leers-Nord',7730,1),(2633,'Amougies',7750,1),(2634,'Russeignies',7750,1),(2635,'Escanaffles',7760,1),(2636,'Ploegsteert',7782,1),(2637,'Mainvault',7812,1),(2638,'Moulbaix',7812,1),(2639,'Meslin-L\'evêque',7822,1),(2640,'Gibecq',7823,1),(2641,'Fouleng',7830,1),(2642,'Marcq',7850,1),(2643,'Lessines',7860,1),(2644,'Ogy',7862,1),(2645,'Cambron-Saint-Vincent',7870,1),(2646,'Chapelle-À-Oie',7903,1),(2647,'Gallaix',7906,1),(2648,'Ellignies-Lez-Frasnes',7910,1),(2649,'Herquegies',7911,1),(2650,'Gages',7943,1),(2651,'Grosage',7950,1),(2652,'Ladeuze',7950,1),(2653,'Tongre-Saint-Martin',7950,1),(2654,'Tongre-Notre-Dame',7951,1),(2655,'Quevaucamps',7972,1),(2656,'Damme',8340,1),(2657,'Oostkerke',8340,1),(2658,'Sijsele',8340,1),(2659,'Houtave',8377,1),(2660,'Stene',8400,1),(2661,'Bredene',8450,1),(2662,'Ettelgem',8460,1),(2663,'Westkerke',8460,1),(2664,'Ichtegem',8480,1),(2665,'Zerkegem',8490,1),(2666,'Aalbeke',8511,1),(2667,'Bavikhove',8531,1),(2668,'Deerlijk',8540,1),(2669,'Otegem',8553,1),(2670,'Wevelgem',8560,1),(2671,'Tiegem',8573,1),(2672,'Handzame',8610,1),(2673,'Eggewaartskapelle',8630,1),(2674,'Noordschote',8647,1),(2675,'De Panne',8660,1),(2676,'Bovekerke',8680,1),(2677,'Koekelare',8680,1),(2678,'Gijverinkhove',8691,1),(2679,'Izenberge',8691,1),(2680,'Tielt',8700,1),(2681,'Sint-Baafs-Vijve',8710,1),(2682,'Wielsbeke',8710,1),(2683,'Markegem',8720,1),(2684,'Sint-Joris',8730,1),(2685,'Oostrozebeke',8780,1),(2686,'Beveren',8791,1),(2687,'Roeselare',8800,1),(2688,'Oostnieuwkerke',8840,1),(2689,'Koolskamp',8851,1),(2690,'Lendelede',8860,1),(2691,'Emelgem',8870,1),(2692,'Moorslede',8890,1),(2693,'Sint-Jan',8900,1),(2694,'Wervik',8940,1),(2695,'Heuvelland',8950,1),(2696,'Wulvergem',8952,1),(2697,'Reningelst',8970,1),(2698,'Passendale',8980,1),(2699,'Wondelgem',9032,1),(2700,'Lochristi',9080,1),(2701,'Zeveneken',9080,1),(2702,'Belsele',9111,1),(2703,'Sinaai-Waas',9112,1),(2704,'Haasdonk',9120,1),(2705,'Bazel',9150,1),(2706,'Rupelmonde',9150,1),(2707,'Lokeren',9160,1),(2708,'Baasrode',9200,1),(2709,'Moerzeke',9220,1),(2710,'Opdorp',9255,1),(2711,'Denderbelle',9280,1),(2712,'Berlare',9290,1),(2713,'Overmere',9290,1),(2714,'Meldert',9310,1),(2715,'Smetlede',9340,1),(2716,'Denderwindeke',9400,1),(2717,'Bambrugge',9420,1),(2718,'Moerbeke',9500,1),(2719,'Onkerzele',9500,1),(2720,'Zarlardinge',9500,1),(2721,'Nieuwenhove',9506,1),(2722,'Zandbergen',9506,1),(2723,'Oombergen',9520,1),(2724,'Sint-Lievens-Houtem',9520,1),(2725,'Letterhoutem',9521,1),(2726,'Hillegem',9550,1),(2727,'Borsbeke',9552,1),(2728,'Leeuwergem',9620,1),(2729,'Oombergen',9620,1),(2730,'Elst',9660,1),(2731,'Zegelsem',9660,1),(2732,'Sint-Maria-Horebeke',9667,1),(2733,'Schorisse',9688,1),(2734,'Berchem',9690,1),(2735,'Ruien',9690,1),(2736,'Bevere',9700,1),(2737,'Ename',9700,1),(2738,'Deinze',9800,1),(2739,'Gottem',9800,1),(2740,'Wontergem',9800,1),(2741,'Melsen',9820,1),(2742,'Munte',9820,1),(2743,'Gijzenzele',9860,1),(2744,'Moortsele',9860,1),(2745,'Machelen',9870,1),(2746,'Aalter',9880,1),(2747,'Poeke',9880,1),(2748,'Eeklo',9900,1),(2749,'Lovendegem',9920,1),(2750,'Vinderhoute',9921,1),(2751,'Zomergem',9930,1),(2752,'Ronsele',9932,1),(2753,'Sleidinge',9940,1),(2754,'Bassevelde',9968,1),(2755,'Lembeke',9971,1),(2756,'Sint-Laureins',9980,1),(2757,'Sint-Margriete',9981,1),(2758,'Watervliet',9988,1);
/*!40000 ALTER TABLE `cities` ENABLE KEYS */;
UNLOCK TABLES;

--
-- Table structure for table `countries`
--

DROP TABLE IF EXISTS `countries`;
/*!40101 SET @saved_cs_client     = @@character_set_client */;
/*!50503 SET character_set_client = utf8mb4 */;
CREATE TABLE `countries` (
  `id_country` int NOT NULL AUTO_INCREMENT,
  `countryName` varchar(100) NOT NULL,
  `codeAlpha2` varchar(2) NOT NULL,
  PRIMARY KEY (`id_country`)
) ENGINE=InnoDB AUTO_INCREMENT=2 DEFAULT CHARSET=utf8mb4 COLLATE=utf8mb4_0900_ai_ci;
/*!40101 SET character_set_client = @saved_cs_client */;

--
-- Dumping data for table `countries`
--

LOCK TABLES `countries` WRITE;
/*!40000 ALTER TABLE `countries` DISABLE KEYS */;
INSERT INTO `countries` VALUES (1,'belgique','be');
/*!40000 ALTER TABLE `countries` ENABLE KEYS */;
UNLOCK TABLES;

--
-- Table structure for table `permissions`
--

DROP TABLE IF EXISTS `permissions`;
/*!40101 SET @saved_cs_client     = @@character_set_client */;
/*!50503 SET character_set_client = utf8mb4 */;
CREATE TABLE `permissions` (
  `id_permission` int NOT NULL AUTO_INCREMENT,
  `permissionName` varchar(100) NOT NULL,
  `summary` varchar(250) DEFAULT NULL,
  PRIMARY KEY (`id_permission`)
) ENGINE=InnoDB AUTO_INCREMENT=2 DEFAULT CHARSET=utf8mb4 COLLATE=utf8mb4_0900_ai_ci;
/*!40101 SET character_set_client = @saved_cs_client */;

--
-- Dumping data for table `permissions`
--

LOCK TABLES `permissions` WRITE;
/*!40000 ALTER TABLE `permissions` DISABLE KEYS */;
INSERT INTO `permissions` VALUES (1,'administrateur','contrôle total sur l\'application');
/*!40000 ALTER TABLE `permissions` ENABLE KEYS */;
UNLOCK TABLES;

--
-- Table structure for table `reminders`
--

DROP TABLE IF EXISTS `reminders`;
/*!40101 SET @saved_cs_client     = @@character_set_client */;
/*!50503 SET character_set_client = utf8mb4 */;
CREATE TABLE `reminders` (
  `id_reminder` int NOT NULL AUTO_INCREMENT,
  `id_user` int NOT NULL,
  `id_rental` int NOT NULL,
  `reminderDate` date NOT NULL,
  `message` varchar(250) NOT NULL,
  PRIMARY KEY (`id_reminder`),
  KEY `Reminders_FK` (`id_user`),
  KEY `Reminders_FK_1` (`id_rental`),
  CONSTRAINT `Reminders_FK` FOREIGN KEY (`id_user`) REFERENCES `users` (`id_user`),
  CONSTRAINT `Reminders_FK_1` FOREIGN KEY (`id_rental`) REFERENCES `rentals` (`id_rental`)
) ENGINE=InnoDB DEFAULT CHARSET=utf8mb4 COLLATE=utf8mb4_0900_ai_ci;
/*!40101 SET character_set_client = @saved_cs_client */;

--
-- Dumping data for table `reminders`
--

LOCK TABLES `reminders` WRITE;
/*!40000 ALTER TABLE `reminders` DISABLE KEYS */;
/*!40000 ALTER TABLE `reminders` ENABLE KEYS */;
UNLOCK TABLES;

--
-- Table structure for table `rentals`
--

DROP TABLE IF EXISTS `rentals`;
/*!40101 SET @saved_cs_client     = @@character_set_client */;
/*!50503 SET character_set_client = utf8mb4 */;
CREATE TABLE `rentals` (
  `id_rental` int NOT NULL AUTO_INCREMENT,
  `id_user` int NOT NULL,
  `dateBegin` date NOT NULL,
  `dateEnd` date NOT NULL,
  `id_userRent` int NOT NULL,
  PRIMARY KEY (`id_rental`)
) ENGINE=InnoDB AUTO_INCREMENT=16 DEFAULT CHARSET=utf8mb4 COLLATE=utf8mb4_0900_ai_ci;
/*!40101 SET character_set_client = @saved_cs_client */;

--
-- Dumping data for table `rentals`
--

LOCK TABLES `rentals` WRITE;
/*!40000 ALTER TABLE `rentals` DISABLE KEYS */;
INSERT INTO `rentals` VALUES (2,2,'2023-03-11','2023-06-30',2),(3,2,'2023-03-11','2023-07-26',2),(4,2,'2023-03-11','2023-03-24',2),(5,2,'2023-03-11','2023-03-25',2),(6,2,'2023-03-11','2023-03-30',2),(7,2,'2023-03-11','2023-03-30',2),(8,2,'2023-03-11','2023-03-23',2),(9,2,'2023-03-11','2023-03-24',2),(10,2,'2023-03-11','2023-03-31',2),(11,2,'2023-03-11','2023-03-31',2),(12,2,'2023-03-11','2023-03-31',2),(13,2,'2023-03-12','2023-01-02',2),(14,2,'2023-03-12','2023-03-12',2),(15,2,'2023-03-12','2023-03-10',2);
/*!40000 ALTER TABLE `rentals` ENABLE KEYS */;
UNLOCK TABLES;

--
-- Table structure for table `roles`
--

DROP TABLE IF EXISTS `roles`;
/*!40101 SET @saved_cs_client     = @@character_set_client */;
/*!50503 SET character_set_client = utf8mb4 */;
CREATE TABLE `roles` (
  `id_role` int NOT NULL AUTO_INCREMENT,
  `roleName` varchar(100) NOT NULL,
  PRIMARY KEY (`id_role`)
) ENGINE=InnoDB AUTO_INCREMENT=2 DEFAULT CHARSET=utf8mb4 COLLATE=utf8mb4_0900_ai_ci;
/*!40101 SET character_set_client = @saved_cs_client */;

--
-- Dumping data for table `roles`
--

LOCK TABLES `roles` WRITE;
/*!40000 ALTER TABLE `roles` DISABLE KEYS */;
INSERT INTO `roles` VALUES (1,'administrateur');
/*!40000 ALTER TABLE `roles` ENABLE KEYS */;
UNLOCK TABLES;

--
-- Table structure for table `roles_permissions`
--

DROP TABLE IF EXISTS `roles_permissions`;
/*!40101 SET @saved_cs_client     = @@character_set_client */;
/*!50503 SET character_set_client = utf8mb4 */;
CREATE TABLE `roles_permissions` (
  `id_permission` int NOT NULL,
  `id_role` int NOT NULL,
  `id_Roles_Permissions` int NOT NULL AUTO_INCREMENT,
  PRIMARY KEY (`id_Roles_Permissions`),
  KEY `Roles_Permissions_FK` (`id_permission`),
  KEY `Roles_Permissions_FK_1` (`id_role`),
  CONSTRAINT `Roles_Permissions_FK` FOREIGN KEY (`id_permission`) REFERENCES `permissions` (`id_permission`),
  CONSTRAINT `Roles_Permissions_FK_1` FOREIGN KEY (`id_role`) REFERENCES `roles` (`id_role`)
) ENGINE=InnoDB AUTO_INCREMENT=2 DEFAULT CHARSET=utf8mb4 COLLATE=utf8mb4_0900_ai_ci;
/*!40101 SET character_set_client = @saved_cs_client */;

--
-- Dumping data for table `roles_permissions`
--

LOCK TABLES `roles_permissions` WRITE;
/*!40000 ALTER TABLE `roles_permissions` DISABLE KEYS */;
INSERT INTO `roles_permissions` VALUES (1,1,1);
/*!40000 ALTER TABLE `roles_permissions` ENABLE KEYS */;
UNLOCK TABLES;

--
-- Table structure for table `users`
--

DROP TABLE IF EXISTS `users`;
/*!40101 SET @saved_cs_client     = @@character_set_client */;
/*!50503 SET character_set_client = utf8mb4 */;
CREATE TABLE `users` (
  `id_user` int NOT NULL AUTO_INCREMENT,
  `id_role` int DEFAULT NULL,
  `address` varchar(100) NOT NULL,
  `email` varchar(100) NOT NULL,
  `responsibleType` enum('student','teacher','staff') NOT NULL,
  `firstname` varchar(100) NOT NULL,
  `lastname` varchar(100) NOT NULL,
  `barcode` varchar(100) DEFAULT NULL,
  `id_city` int NOT NULL,
  `id_account` int DEFAULT NULL,
  PRIMARY KEY (`id_user`),
  KEY `fk_Accounts_idx` (`id_account`),
  KEY `fk_Roles_idx` (`id_role`),
  KEY `Users_FK` (`id_city`),
  CONSTRAINT `fk_Accounts` FOREIGN KEY (`id_account`) REFERENCES `accounts` (`id_account`),
  CONSTRAINT `fk_Roles` FOREIGN KEY (`id_role`) REFERENCES `roles` (`id_role`),
  CONSTRAINT `Users_FK` FOREIGN KEY (`id_city`) REFERENCES `cities` (`id_city`)
) ENGINE=InnoDB AUTO_INCREMENT=3 DEFAULT CHARSET=utf8mb4 COLLATE=utf8mb4_0900_ai_ci;
/*!40101 SET character_set_client = @saved_cs_client */;

--
-- Dumping data for table `users`
--

LOCK TABLES `users` WRITE;
/*!40000 ALTER TABLE `users` DISABLE KEYS */;
INSERT INTO `users` VALUES (2,1,'rue des admins','jeanyves.laurent@promsocatc.net','staff','jean-yves','laurent','IS00001',1,1);
/*!40000 ALTER TABLE `users` ENABLE KEYS */;
UNLOCK TABLES;

--
-- Table structure for table `users_rentals`
--

DROP TABLE IF EXISTS `users_rentals`;
/*!40101 SET @saved_cs_client     = @@character_set_client */;
/*!50503 SET character_set_client = utf8mb4 */;
CREATE TABLE `users_rentals` (
  `id_user` int NOT NULL,
  `id_rental` int NOT NULL,
  `id_Users_Rentals` int NOT NULL AUTO_INCREMENT,
  PRIMARY KEY (`id_Users_Rentals`),
  KEY `Users_Rentals_FK` (`id_user`),
  KEY `Users_Rentals_FK_1` (`id_rental`),
  CONSTRAINT `Users_Rentals_FK` FOREIGN KEY (`id_user`) REFERENCES `users` (`id_user`),
  CONSTRAINT `Users_Rentals_FK_1` FOREIGN KEY (`id_rental`) REFERENCES `rentals` (`id_rental`)
) ENGINE=InnoDB DEFAULT CHARSET=utf8mb4 COLLATE=utf8mb4_0900_ai_ci;
/*!40101 SET character_set_client = @saved_cs_client */;

--
-- Dumping data for table `users_rentals`
--

LOCK TABLES `users_rentals` WRITE;
/*!40000 ALTER TABLE `users_rentals` DISABLE KEYS */;
/*!40000 ALTER TABLE `users_rentals` ENABLE KEYS */;
UNLOCK TABLES;
/*!40103 SET TIME_ZONE=@OLD_TIME_ZONE */;

/*!40101 SET SQL_MODE=@OLD_SQL_MODE */;
/*!40014 SET FOREIGN_KEY_CHECKS=@OLD_FOREIGN_KEY_CHECKS */;
/*!40014 SET UNIQUE_CHECKS=@OLD_UNIQUE_CHECKS */;
/*!40101 SET CHARACTER_SET_CLIENT=@OLD_CHARACTER_SET_CLIENT */;
/*!40101 SET CHARACTER_SET_RESULTS=@OLD_CHARACTER_SET_RESULTS */;
/*!40101 SET COLLATION_CONNECTION=@OLD_COLLATION_CONNECTION */;
/*!40111 SET SQL_NOTES=@OLD_SQL_NOTES */;

-- Dump completed on 2023-03-12  9:26:14
